/*
 Navicat Premium Data Transfer

 Source Server         : localhost
 Source Server Type    : MySQL
 Source Server Version : 50722
 Source Host           : 127.0.0.1:3306
 Source Schema         : movie

 Target Server Type    : MySQL
 Target Server Version : 50722
 File Encoding         : 65001

 Date: 03/01/2020 14:39:55
*/

SET NAMES utf8mb4;
SET FOREIGN_KEY_CHECKS = 0;

-- ----------------------------
-- Table structure for m_apply
-- ----------------------------
DROP TABLE IF EXISTS `m_apply`;
CREATE TABLE `m_apply`  (
  `id` varchar(20) CHARACTER SET utf8 COLLATE utf8_general_ci NOT NULL,
  `user_id` varchar(20) CHARACTER SET utf8 COLLATE utf8_general_ci NULL DEFAULT NULL,
  `user_name` varchar(20) CHARACTER SET utf8 COLLATE utf8_general_ci NULL DEFAULT NULL,
  PRIMARY KEY (`id`) USING BTREE
) ENGINE = InnoDB CHARACTER SET = utf8 COLLATE = utf8_general_ci ROW_FORMAT = Dynamic;

-- ----------------------------
-- Table structure for m_hotmovie
-- ----------------------------
DROP TABLE IF EXISTS `m_hotmovie`;
CREATE TABLE `m_hotmovie`  (
  `id` varchar(255) CHARACTER SET utf8 COLLATE utf8_general_ci NOT NULL,
  `cover` varchar(255) CHARACTER SET utf8 COLLATE utf8_general_ci NOT NULL,
  `price` varchar(255) CHARACTER SET utf8 COLLATE utf8_general_ci NOT NULL,
  `rate` varchar(255) CHARACTER SET utf8 COLLATE utf8_general_ci NOT NULL,
  `title` varchar(255) CHARACTER SET utf8 COLLATE utf8_general_ci NOT NULL,
  PRIMARY KEY (`id`) USING BTREE
) ENGINE = InnoDB CHARACTER SET = utf8 COLLATE = utf8_general_ci ROW_FORMAT = Dynamic;

-- ----------------------------
-- Records of m_hotmovie
-- ----------------------------
INSERT INTO `m_hotmovie` VALUES ('24716039', 'movieFile/p2576088318.jpg', '37', '7.0', '星际探索');
INSERT INTO `m_hotmovie` VALUES ('25747204', 'movieFile/p2574145203.jpg', '37', '6.2', '长安道');
INSERT INTO `m_hotmovie` VALUES ('25986662', 'movieFile/p2541901817.jpg', '34', '6.4', '疯狂的外星人');
INSERT INTO `m_hotmovie` VALUES ('26100958', 'movieFile/p2552058346.jpg', '32', '8.5', '复仇者联盟4：终局之战');
INSERT INTO `m_hotmovie` VALUES ('26266893', 'movieFile/p2545472803.jpg', '32', '7.9', '流浪地球');
INSERT INTO `m_hotmovie` VALUES ('26709258', 'movieFile/p2568288336.jpg', '35', '8.2', '罗小黑战记');
INSERT INTO `m_hotmovie` VALUES ('26715636', 'movieFile/p2550208359.jpg', '33', '8.0', '地久天长');
INSERT INTO `m_hotmovie` VALUES ('26762744', 'movieFile/p2573691764.jpg', '35', '5.8', '你是凶手');
INSERT INTO `m_hotmovie` VALUES ('26794435', 'movieFile/p2563780504.jpg', '32', '8.5', '哪吒之魔童降世');
INSERT INTO `m_hotmovie` VALUES ('26858510', 'movieFile/p2570825762.jpg', '31', '8.6', '克劳斯：圣诞节的秘密');
INSERT INTO `m_hotmovie` VALUES ('26884354', 'movieFile/p2559742751.jpg', '33', '7.4', '狮子王');
INSERT INTO `m_hotmovie` VALUES ('27002635', 'movieFile/p2575400017.jpg', '32', '8.2', '唐顿庄园');
INSERT INTO `m_hotmovie` VALUES ('27010768', 'movieFile/p2561439800.jpg', '31', '8.7', '寄生虫');
INSERT INTO `m_hotmovie` VALUES ('27045860', 'movieFile/p2569621540.jpg', '33', '7.3', '原钻');
INSERT INTO `m_hotmovie` VALUES ('27087724', 'movieFile/p2551119672.jpg', '31', '7.3', '好莱坞往事');
INSERT INTO `m_hotmovie` VALUES ('27089612', 'movieFile/p2556824333.jpg', '31', '7.5', '纽约的一个雨天');
INSERT INTO `m_hotmovie` VALUES ('27119724', 'movieFile/p2567198874.jpg', '31', '8.7', '小丑');
INSERT INTO `m_hotmovie` VALUES ('27132510', 'movieFile/p2567299222.jpg', '38', '8.5', '教宗的承继');
INSERT INTO `m_hotmovie` VALUES ('27166976', 'movieFile/p2553320254.jpg', '36', '7.7', '安娜');
INSERT INTO `m_hotmovie` VALUES ('27202818', 'movieFile/p2571760178.jpg', '31', '8.7', '婚姻故事');
INSERT INTO `m_hotmovie` VALUES ('27594938', 'movieFile/p2561370606.jpg', '36', '6.7', '准备好了没');
INSERT INTO `m_hotmovie` VALUES ('27615267', 'movieFile/p2573762485.jpg', '32', '7.4', '天衣无缝的她');
INSERT INTO `m_hotmovie` VALUES ('30143336', 'movieFile/p2572123509.jpg', '35', '7.5', '灯塔');
INSERT INTO `m_hotmovie` VALUES ('30163500', 'movieFile/p2574329643.jpg', '34', '6.2', '鬼影特攻：以暴制暴');
INSERT INTO `m_hotmovie` VALUES ('30163509', 'movieFile/p2542973862.jpg', '36', '6.9', '飞驰人生');
INSERT INTO `m_hotmovie` VALUES ('30166972', 'movieFile/p2572166063.jpg', '34', '8.3', '少年的你');
INSERT INTO `m_hotmovie` VALUES ('30170546', 'movieFile/p2567973073.jpg', '39', '8.7', '少年乔乔的异想世界');
INSERT INTO `m_hotmovie` VALUES ('30198539', 'movieFile/p2554080075.jpg', '31', '8.6', '痛苦与荣耀');
INSERT INTO `m_hotmovie` VALUES ('30211551', 'movieFile/p2555084871.jpg', '31', '7.7', '恶人传');
INSERT INTO `m_hotmovie` VALUES ('30241102', 'movieFile/p2549891899.jpg', '36', '8.1', '行骗天下JP：浪漫篇');
INSERT INTO `m_hotmovie` VALUES ('30257175', 'movieFile/p2556701763.jpg', '38', '8.7', '燃烧女子的肖像');
INSERT INTO `m_hotmovie` VALUES ('30271841', 'movieFile/p2575882765.jpg', '34', '8.8', '多哥');
INSERT INTO `m_hotmovie` VALUES ('30295905', 'movieFile/p2568258113.jpg', '33', '6.8', '中国机长');
INSERT INTO `m_hotmovie` VALUES ('30299311', 'movieFile/p2572429001.jpg', '38', '6.7', '受益人');
INSERT INTO `m_hotmovie` VALUES ('30318116', 'movieFile/p2574172427.jpg', '34', '8.3', '利刃出鞘');
INSERT INTO `m_hotmovie` VALUES ('30327842', 'movieFile/p2578045524.jpg', '35', '8.6', '82年生的金智英');
INSERT INTO `m_hotmovie` VALUES ('30331149', 'movieFile/p2544313786.jpg', '38', '7.9', '白蛇：缘起');
INSERT INTO `m_hotmovie` VALUES ('30390144', 'movieFile/p2578097413.jpg', '37', '7.4', '别告诉她');
INSERT INTO `m_hotmovie` VALUES ('30394535', 'movieFile/p2575887979.jpg', '39', '7.0', '被光抓走的人');
INSERT INTO `m_hotmovie` VALUES ('30413052', 'movieFile/p2568577681.jpg', '36', '6.1', '攀登者');
INSERT INTO `m_hotmovie` VALUES ('30432964', 'movieFile/p2567832666.jpg', '33', '6.4', '杰克茜');
INSERT INTO `m_hotmovie` VALUES ('3097572', 'movieFile/p2570906505.jpg', '34', '7.0', '双子杀手');
INSERT INTO `m_hotmovie` VALUES ('32659890', 'movieFile/p2567998580.jpg', '38', '7.8', '我和我的祖国');
INSERT INTO `m_hotmovie` VALUES ('33400376', 'movieFile/p2574198225.jpg', '34', '7.8', '平原上的夏洛克');
INSERT INTO `m_hotmovie` VALUES ('34930761', 'movieFile/p2578947366.jpg', '32', '7.9', '第70届NHK红白歌会');
INSERT INTO `m_hotmovie` VALUES ('3882427', 'movieFile/p2557226052.jpg', '35', '8.2', '我在雨中等你');
INSERT INTO `m_hotmovie` VALUES ('4185834', 'movieFile/p2564153041.jpg', '38', '7.0', '丧尸乐园2');
INSERT INTO `m_hotmovie` VALUES ('6538866', 'movieFile/p2568792942.jpg', '35', '8.5', '极速车王');
INSERT INTO `m_hotmovie` VALUES ('6850547', 'movieFile/p2557284230.jpg', '38', '8.6', '玩具总动员4');
INSERT INTO `m_hotmovie` VALUES ('6981153', 'movieFile/p2568902055.jpg', '36', '9.0', '爱尔兰人');

-- ----------------------------
-- Table structure for m_leave_message
-- ----------------------------
DROP TABLE IF EXISTS `m_leave_message`;
CREATE TABLE `m_leave_message`  (
  `id` varchar(20) CHARACTER SET utf8 COLLATE utf8_general_ci NOT NULL,
  `movie_id` varchar(20) CHARACTER SET utf8 COLLATE utf8_general_ci NULL DEFAULT NULL,
  `user_id` varchar(20) CHARACTER SET utf8 COLLATE utf8_general_ci NULL DEFAULT NULL,
  `user_name` varchar(50) CHARACTER SET utf8 COLLATE utf8_general_ci NULL DEFAULT NULL,
  `message` varchar(1000) CHARACTER SET utf8 COLLATE utf8_general_ci NULL DEFAULT NULL,
  PRIMARY KEY (`id`) USING BTREE
) ENGINE = InnoDB CHARACTER SET = utf8 COLLATE = utf8_general_ci ROW_FORMAT = Dynamic;

-- ----------------------------
-- Records of m_leave_message
-- ----------------------------
INSERT INTO `m_leave_message` VALUES ('1098934819760791554', '1950330', '1', 'user', '好电影');
INSERT INTO `m_leave_message` VALUES ('1098936207010103298', '1950330', '1', 'user', '切切为其慰安妇收到按个 发送到枫娃是电风扇地方萨达水电费 水电费啊水电费啊萨达枫萨达枫萨达枫阿斯蒂芬是地方是地方是地方萨达枫啊水电费');
INSERT INTO `m_leave_message` VALUES ('1098936604277755905', '1950330', '1', 'user', '阿萨德阿萨德阿萨德按时的按时打萨达按时哒哒哒哒哒哒多多多多多多多多多多多多多多多多多多多多大所多去卫栖梧阿萨德暗室逢灯啊水电费阿萨德枫是地方啊水电费阿斯蒂芬安慰阿萨德氛围让 发大声道发不撒地方啊水电费水电费啊第三方爱的方式阿萨德发送到 发文辅导费 水电费');

-- ----------------------------
-- Table structure for m_movie_detail
-- ----------------------------
DROP TABLE IF EXISTS `m_movie_detail`;
CREATE TABLE `m_movie_detail`  (
  `id` varchar(20) CHARACTER SET utf8 COLLATE utf8_general_ci NOT NULL,
  `movie_id` varchar(20) CHARACTER SET utf8 COLLATE utf8_general_ci NULL DEFAULT NULL,
  `director` varchar(100) CHARACTER SET utf8 COLLATE utf8_general_ci NULL DEFAULT NULL,
  `writer` varchar(100) CHARACTER SET utf8 COLLATE utf8_general_ci NULL DEFAULT NULL,
  `star` varchar(1000) CHARACTER SET utf8 COLLATE utf8_general_ci NULL DEFAULT NULL,
  `type` varchar(100) CHARACTER SET utf8 COLLATE utf8_general_ci NULL DEFAULT NULL,
  `imdb` varchar(100) CHARACTER SET utf8 COLLATE utf8_general_ci NULL DEFAULT NULL,
  `release_time` varchar(80) CHARACTER SET utf8 COLLATE utf8_general_ci NULL DEFAULT NULL,
  `movie_time` varchar(60) CHARACTER SET utf8 COLLATE utf8_general_ci NULL DEFAULT NULL,
  `plot` varchar(1000) CHARACTER SET utf8 COLLATE utf8_general_ci NULL DEFAULT NULL,
  `movie_name` varchar(255) CHARACTER SET utf8 COLLATE utf8_general_ci NULL DEFAULT NULL,
  `is__hot` tinyint(4) NULL DEFAULT NULL,
  PRIMARY KEY (`id`) USING BTREE
) ENGINE = InnoDB CHARACTER SET = utf8 COLLATE = utf8_general_ci ROW_FORMAT = Dynamic;

-- ----------------------------
-- Records of m_movie_detail
-- ----------------------------
INSERT INTO `m_movie_detail` VALUES ('1212985612247166978', '26709258', '木头', '木头 / 彭可欣 / 风息神泪', '山新 郝祥海 刘明月', '动作 动画 奇幻', 'tt10734928', '2019-09-07(中国大陆) 2019-08-27(大规模点映)', '101分钟', '　　在熙攘的人类世界里，很多妖精隐匿其中，他们与人类相安无事地生活着。猫妖罗小黑因为家园被破坏，开始了它的流浪之旅。这场旅途中惺惺相惜的妖精同类与和谐包容的人类伙伴相继出现，让小黑陷入了两难抉择，究竟何处才是真正的归属？ 　　', '罗小黑战记', 1);
INSERT INTO `m_movie_detail` VALUES ('1212985612385579009', '30299311', '申奥', '申奥 / 许渌洋 / 王燕秋', '大鹏 柳岩 张子贤 张邵勃 刘刚 龙洁 李欧 陈卫 潘高琼 彭波 陈小平 陈小林 李颖 李小辉 高冠铭 苏娜 胡渝 王议伟 许玲 温佳仁 龙祺 杨常金 董磊 唐茜 邓飞 陈正华 叶舟洋 徐玉琨 丁文博 叶祥德 罗乙稀 李宜儒 张家渝 曹宇宙 李迅 尹大珍 马昕墨 张傲然 刁羽 李辉 陶乙铭 钱飞宁 季子裕 潘文佳 李季 李天然 米罗 孔江淮', '剧情 喜剧 爱情', 'tt11091530', '2019-11-08(中国大陆)', '112分钟', '　　吴海（大鹏 饰）为了给罹患哮喘的6岁儿子治病，在好友钟振江（张子贤 饰）的怂恿下，刻意结识了一个与他同样身处边缘和底层的网络女主播淼淼（柳岩 饰），决心酝酿一场别有用心的婚姻骗局……', '受益人', 1);
INSERT INTO `m_movie_detail` VALUES ('1212985612398161922', '26858510', '塞尔希奥·巴勃罗斯 卡洛斯·马丁内斯·洛佩斯', '扎克·李维斯 / 吉姆·马奥尼 / 塞尔希奥·巴勃罗斯', 'J·K·西蒙斯 詹森·舒瓦兹曼 拉什达·琼斯 琼·库萨克 诺曼·麦克唐纳徳 威尔·萨索 塞尔希奥·巴勃罗斯 米拉·布雷纳 内达·玛格丽特·拉巴 悉尼·布朗 泰迪·布鲁姆 艾玛·香农 肯德尔·卓依 朱利安·赞恩 阿曼达·菲莉普森 芬·卡尔 塔克·米克 海莉·赫尔米达 杰登·贝滕古', '动画', 'tt4729430', '2019-11-08(西班牙/英国)', '96分钟', '　　贾斯帕（詹森·舒瓦兹曼饰）被认为是邮政学院最差的学生，他驻扎在北极圈内的一个冰冻岛屿上，那里的当地人之间几乎不交流，更不用说写信了。当贾斯帕准备放弃之时，他找到了自己的盟友阿尔娃（当地的一名教师，拉什达·琼斯饰），并发现了克劳斯（奥斯卡奖得主 J·K·西蒙斯饰），克劳斯是一个神秘的木匠，独自住在一个满是手工玩具的小屋里。这几段不可思议的友谊让斯密伦斯堡又重新充满了欢声笑语，创造出了新的故事，这里有慷慨的邻居、神奇的传说和小心翼翼挂在烟囱上的长袜。《克劳斯：圣诞节的秘密》是一部节日喜剧动画片，由《神偷奶爸》联合创剧人塞尔希奥·巴勃罗斯担任导演，由琼·库萨克、威尔·萨索和诺曼·麦克唐纳徳联袂主演。', '克劳斯：圣诞节的秘密', 1);
INSERT INTO `m_movie_detail` VALUES ('1212985612515602433', '30318116', '莱恩·约翰逊', '莱恩·约翰逊', '丹尼尔·克雷格 安娜·德·阿玛斯 克里斯·埃文斯 杰米·李·柯蒂斯 迈克尔·珊农 唐·约翰逊 托妮·科莱特 勒凯斯·斯坦菲尔德 克里斯托弗·普卢默 凯瑟琳·兰福德 杰登·马泰尔 瑞琪·琳德赫姆 艾迪·帕特森 弗兰克·奥兹 K·卡兰 诺阿·西甘 M·埃梅特·沃尔什 玛琳娜·福特 劳尔·卡斯提洛 雪莉·罗德里格斯 约瑟夫·高登-莱维特 加布里埃尔·洛莱斯', '剧情 喜剧 悬疑 犯罪', 'tt8946378', '2019-11-29(中国大陆) 2019-09-07(多伦多电影节) 2019-11-27(美国)', '130分钟', '　　富豪小说家哈兰·斯隆比在自己85岁生日第二天，被发现在自家庄园离奇自杀，遗留了亿万遗产。久负盛名的大侦探布兰科（丹尼尔·克雷格饰）突然被匿名人士雇佣调查此案真相。同时，哈兰的孙子兰森（克里斯·埃文斯饰）也正在秘密调查此案。当布兰科和哈兰·斯隆比家族的其他人对谈时， 他发现事情并没有想象中那么简单。 　　哈兰家族没有表面上那么和睦，每个人都有着不可告人的秘密，每个人都想得到遗产……究竟这起命案是自杀还是他杀？似乎每个人都有嫌疑。随着一位遗产继承人的意外亮相，真相谜底渐渐浮出水面……', '利刃出鞘', 1);
INSERT INTO `m_movie_detail` VALUES ('1212985612721123329', '30170546', '塔伊加·维迪提', '塔伊加·维迪提 / 克里斯汀·勒南斯', '罗曼·格里芬·戴维斯 托马辛·麦肯齐 斯嘉丽·约翰逊 塔伊加·维迪提 山姆·洛克威尔 蕾蓓尔·威尔森 阿尔菲·艾伦 斯戴芬·莫昌特 布莱恩·卡斯佩 加布里埃尔·安德鲁斯 阿奇·耶茨 Luke Brandon Field Sam Haygarth Stanislav Callas Joe Weintraub 罗伯特·伊斯特', '剧情 喜剧 战争', 'tt2584384', '2019-09-08(多伦多电影节) 2019-10-18(美国)', '108分钟', '　　二战时期，男孩乔乔(戴维斯)和母亲(斯嘉丽)生活在纳粹德国统治下，他不知道母亲在家中藏着一个犹太女孩(麦肯齐)，而母亲秘密为抵抗军工作。乔乔渴望加入希特勒青年团，他脑内出了一个颠覆版的希特勒，这个希特勒有魅力、傻傻的、天真可爱，是他的朋友，帮助他应付生活中的困境。', '少年乔乔的异想世界', 1);
INSERT INTO `m_movie_detail` VALUES ('1212985612893089793', '26884354', '乔恩·费儒', '杰夫·内桑森 / 布兰达∙查普曼 / 艾琳·梅琪 / 乔纳森·罗伯茨 / 琳达·伍尔芙顿', '唐纳德·格洛弗 阿尔法·伍达德 詹姆斯·厄尔·琼斯 切瓦特·埃加福 科甘-迈克尔·凯 塞斯·罗根 比利·艾希纳 碧昂丝·诺尔斯 埃里克·安德烈 弗洛伦丝·卡松巴 约翰·卡尼 约翰·奥利弗 艾米·塞德丽丝', '剧情 动画 冒险', 'tt6105098', '2019-07-12(中国大陆) 2019-07-19(美国)', '118分钟', '　　非洲大草原上一轮红日冉冉升起，为高大的乞力马扎罗山披上层金色的光纱，所有的动物涌向了同一个地方——荣耀石，兴奋地等待着一个重大消息的宣布：它们的国王木法沙将迎来自己的新生儿。 　　这个新生儿就是小狮子辛巴，它是木法沙的法定接班人、荣耀石未来的国王。 　　小狮子王辛巴在众多热情的朋友的陪伴下，不但经历了生命中最光荣的时刻，也遭遇了最艰难的挑战，最后终于成为了森林之王，也在周而复始生生不息的自然中体会出生命的真义。', '狮子王', 1);
INSERT INTO `m_movie_detail` VALUES ('1212985612943421442', '30327842', '金度英', '刘英雅 / 赵南珠', '郑有美 孔侑 金美京 孔敏晶 朴成妍 李凤莲 金圣喆 李乌 李海云 孙成灿 金正英 李娜云 禹志贤', '剧情', 'tt11052808', '2019-11-07(中国香港) 2019-10-23(韩国)', '118分钟', '　　表面看来，金智英（郑有美 饰）是一个生活在幸福之中的家庭主妇，有一个收入不菲又温柔体贴的丈夫郑大贤（孔侑 饰）和一个非常可爱的女儿，在波澜不惊的日子里享受着每一天的平淡和安稳。 　　实际上，金智英的内心早就如同地震一般的产生了天崩地裂的动摇，在她的身上背负着无比沉重的枷锁。婆婆面前，她要扮演逆来顺受的好儿媳。丈夫面前，她又是无条件支持他的贤妻。面对女儿，金智英必须隐藏起脆弱，做她无坚不摧的母亲。那么，真正的金智英究竟在哪儿呢？长久的压抑和挣扎中，金智英患上了心理疾病，郑大贤决定和妻子一起接受心理咨询，共同面对命运设置给他们的难题。 ©豆瓣', '82年生的金智英', 1);
INSERT INTO `m_movie_detail` VALUES ('1212985613031501826', '30163509', '韩寒', '韩寒', '沈腾 黄景瑜 尹正 张本煜 尹昉 田雨 魏翔 赵文瑄 腾格尔 易小星 李庆誉 高华阳 刘帅良 李玲玉 何穗 潘晓婷 田沅 李春嫒 冯绍峰', '喜剧', 'tt9597190', '2019-02-05(中国大陆)', '98分钟', '　　曾经叱咤风云的拉力赛车手张驰（沈腾 饰），五年前因私自赛车而被禁赛。从天堂跌落谷底，张驰饱尝生活的艰辛。他忍辱负重，洗心革面，终于争取到了解禁的判决。在此之后，他重新找到亲如兄弟的领航员孙宇强（尹正 饰），决心共同冲击本年度的巴音布鲁克拉力赛。然而在此之前，张驰必须重考驾照，改装赛车，拉到赞助。每一步都充满艰难，他忍受着旁人的奚落嘲讽，忍受着现实的冰冷残酷，无论如何都不改变前进的目标。当他好不容易走到了赛场，还将面对禁赛这几年崛起的新秀林臻东（黄景瑜 饰）的挑战。 　　张驰的时代是否就此远去…… ©豆瓣', '飞驰人生', 1);
INSERT INTO `m_movie_detail` VALUES ('1212985613216051201', '30166972', '曾国祥', '林咏琛 / 李媛 / 许伊萌', '周冬雨 易烊千玺 尹昉 周也 吴越 黄觉 张艺凡 张耀 张歆怡 赵润南 郜玄铭 谢欣桐 刘然 何廖侣匀 胖虎 罗俊林', '剧情 爱情 犯罪', 'tt9586294', '2019-10-25(中国大陆)', '135分钟', '　　陈念（周冬雨 饰）是一名即将参加高考的高三学生，同校女生胡晓蝶（张艺凡 饰）的跳楼自杀让她的生活陷入了困顿之中。胡晓蝶死后，陈念遭到了以魏莱（周也 饰）为首的三人组的霸凌，魏莱虽然表面上看来是乖巧的优等生，实际上却心思毒辣，胡晓蝶的死和她有着千丝万缕的联系。 　　一次偶然中，陈念邂逅了名为小北（易烊千玺 饰）的小混混，随着时间的推移，心心相惜的两人之间产生了真挚的感情。小北答应陈念在暗中保护她免受魏莱的欺凌，没想到这一决定引发了一连串的连锁反应。负责调查胡晓蝶死因的警官郑易（尹昉 饰）隐隐察觉到校园里的古怪气氛，可他的调查却屡屡遭到校方的阻挠。 ©豆瓣', '少年的你', 1);
INSERT INTO `m_movie_detail` VALUES ('1212985613253799938', '6850547', '乔什·库雷', '约翰·拉塞特 / 安德鲁·斯坦顿 / 彼特·道格特 / 李·昂克里奇 / 威尔·麦克马克 / 史黛芬妮·福尔松 / C·S·安德森', '汤姆·汉克斯 蒂姆·艾伦 安妮·波茨 托尼·海尔 科甘-迈克尔·凯 玛德琳·麦格劳 克里斯蒂娜·亨德里克斯 乔丹·皮尔 基努·里维斯 松村艾丽 杰伊·埃尔南德斯 罗里·艾伦 琼·库萨克 邦尼·亨特 克里斯汀·沙尔 华莱士·肖恩 约翰·拉岑贝格 布莱克·克拉克 琼·斯奎布 卡尔·韦瑟斯 唐·里克斯 杰夫·格尔林 朱莉安娜·汉森 爱丝黛儿·哈里斯 劳里·梅特卡夫 史蒂夫·波赛尔 梅尔·布鲁克斯 艾伦·欧朋海默 卡罗尔·博内特 贝蒂·怀特 卡尔·雷纳 比尔·哈德尔 帕特丽夏·阿奎特 提摩西·道尔顿 弗利 梅丽莎·维拉斯诺 杰夫·皮金 约翰·莫里斯', '喜剧 动画 奇幻', 'tt1979376', '2019-06-21(美国/中国大陆)', '100分钟', '　　胡迪深知自己在这个世界上的使命，就是照顾他的主人，无论是原来的安迪还是新主人邦妮。当邦妮将不情愿成为玩具的“叉叉”带回家时，胡迪又担起了教导叉叉接受自己新身份的责任。 然而当邦妮将所有玩具带上房车家庭旅行时，胡迪与伙伴们将共同踏上全新的冒险之旅，领略房间外面的世界有多广阔，甚至偶遇老朋友牧羊女。在多年的独自闯荡中，牧羊女已经变得热爱冒险，不再只是一个精致的洋娃娃。正当胡迪和牧羊女发现彼此对玩具的使命的意义大相径庭时，他们很快意识到更大的威胁即将到来……', '玩具总动员4', 1);
INSERT INTO `m_movie_detail` VALUES ('1212985613543206913', '27087724', '昆汀·塔伦蒂诺', '昆汀·塔伦蒂诺', '莱昂纳多·迪卡普里奥 布拉德·皮特 玛格特·罗比 埃米尔·赫斯基 玛格丽特·库里 蒂莫西·奥利芬特 茱莉亚·巴特斯 奥斯汀·巴特勒 达科塔·范宁 布鲁斯·邓恩 麦克·莫 卢克·贝里 戴米恩·路易斯 库尔特·拉塞尔 阿尔·帕西诺 玛雅·霍克 西德妮·斯威尼 哈莉·奎恩·史密斯 达蒙·海瑞曼 凯特·贝兰特 洛伦扎·伊佐 迈克尔·马德森 拉莫·威利斯 斯科特·麦克纳里 小克利夫顿·克林斯 维多利亚·佩德雷蒂 吕蓓卡·盖哈特 佐伊·贝尔 莱斯利·贝加 瑞贝卡·瑞滕豪斯 萨曼莎·罗宾森 莉娜·邓纳姆 德瑞玛·沃克 克鲁·古拉格 丹妮拉·皮克 布伦达·瓦卡罗 尼古拉斯·哈蒙德 米奇·麦迪森 詹姆斯·兰德里·赫伯特 妮可·加利西亚 麦迪逊·贝蒂 佩内洛普·卡普迪雅 莫里斯·孔特 科斯塔·罗宁 卢·坦普尔 斯宾塞·加雷特 布丽安娜·乔伊·乔默 奥玛·杜姆 娜塔莉·科恩 拉法尔·扎维鲁查 马尔科·罗德里格斯 堪萨丝·宝琳 维森特·拉雷斯卡 殷巴尔·阿米拉夫 拉蒙·弗兰克 莫妮卡·斯塔吉丝 克雷格·斯塔克 大卫·斯廷 朱丽叶·吉达 埃迪·佩雷斯 布蕾迪·拉多娜 凯拉·拉多姆斯基 布里安娜·温 卡萝莱娜·瓦加斯 加里·派怀特', '剧情 喜剧', 'tt7131622', '2019(中国大陆) 2019-05-21(戛纳电影节) 2019-07-26(美国)', '165分钟', '　　故事在1969年瞬息万变的洛杉矶展开，在那个风起云涌的变革时代，嬉皮文化盛行，好莱坞大制片厂制度瓦解，新的好莱坞明星纷纷崛起。电视明星里克·道尔顿（莱昂纳多·迪卡普里奥 Leonardo DiCaprio饰）与他长期合作替身搭档克里夫·布斯（布拉德·皮特 Brad Pitt 饰）如何在逐渐陌生的娱乐圈里，找到自己的一席之地。他们正力图扬名电影圈，却发现这个行业早已不是他们想象的样子了…… 这是昆汀自编自导第9部影片，汇集星光闪闪的卡司与交错的情节，纪念好莱坞不再复返的黄金年代。', '好莱坞往事', 1);
INSERT INTO `m_movie_detail` VALUES ('1212985624188350465', '27615267', '许仁茂', '无编剧', '罗文姬', '剧情', '', '2019-12-04(韩国)', '104分钟', '　　讲述了72岁的花样青春\"末顺\"(罗文姬 饰) 与从未听说过的孙女\"小公主\"(金秀安 饰)出现后开始的令人不可思议的同居故事。', '天衣无缝的她', 1);
INSERT INTO `m_movie_detail` VALUES ('1212985624213516290', '34930761', '', '无编剧', '绫濑遥 樱井翔 内村光良 久田麻由子 菅田将晖 星野源 米津玄师 福山雅治 坂本冬美 山内惠介 三浦大知 松田圣子 北野武 King Gnu 椎名林檎 島津亜矢 水森亚土 户田惠梨香 高畑充希', '歌舞 真人秀', '', '2019-12-31(日本)', '260分钟', '　　日本频道综合日本时尚娱乐网站Modelpress报道，“第70届NHK红白歌会”出场歌手的记者发布会14日在东京涩谷的NHK电视台举行。红白两组的出场歌手共有41组，首次出场的歌手在红组有3组，白组有5组。 　　红组中首次出场的歌手分别是日向坂46、米津玄师作为制作人的“Foorin”组合、LiSA，白组中首次出场的歌手分别是GENERATIONS from EXILE TRIBE、Kis-My-Ft2、菅田将晖、Official髭男dism乐队、King Gnu。 　　另外，今年这届红白歌会的总主持人由搞笑组合“小內小南”成员内村光良担任，这是他继前年和去年以来，连续三年担任红白歌会的总主持人。还有一位女总主持人是久田麻由子。 　　而红组主持人为女演员绫濑遥。本次是她继2013年(第64届)、2015年(第66届)之后，时隔四年第三次担任红组主持人。白组主持人... (展开全部) 　　日本频道综合日本时尚娱乐网站Modelpress报道，“第70届NHK红白歌会”出场歌手的记者发布会14日在东京涩谷的NHK电视台举行。红白两组的出场歌手共有41组，首次出场的歌手在红组有3组，白组有5组。 　　红组中首次出场的歌手分别是日向坂46、米津玄师作为制作人的“Foorin”组合、LiSA，白组中首次出场的歌手分别是GENERATIONS from EXILE TRIBE、Kis-My-Ft2、菅田将晖、Official髭男dism乐队、King Gnu。 　　另外，今年这届红白歌会的总主持人由搞笑组合“小內小南”成员内村光良担任，这是他继前年和去年以来，连续三年担任红白歌会的总主持人。还有一位女总主持人是久田麻由子。 　　而红组主持人为女演员绫濑遥。本次是她继2013年(第64届)、2015年(第66届)之后，时隔四年第三次担任红组主持人。白组主持人由男子偶像团体“岚”成员樱井翔担任。本次是自2010年以来“岚”成员连续第五次担任白组主持人，而对于樱井翔个人而言，是继去年以来连续第二次担任主持人。', '第70届NHK红白歌会', 1);
INSERT INTO `m_movie_detail` VALUES ('1212985624653918209', '26762744', '王昱', '杜语', '王千源 宋佳 冯远征 李九霄', '剧情 悬疑 犯罪', 'tt10097530', '2019-11-22(中国大陆)', '94分钟', '　　10年前，白兰（宋佳 饰）女儿铃铛被绑架并意外身亡，重案组警官陈浩（王千源 饰）许诺孩子母亲一定将凶手绳之以法。无奈经过漫长的追查却一无所获，陈浩带着遗憾离开警队。10年后，陈浩偶然间发现新线索，身患绝症的白兰重拾希望，决心为女寻凶，两人展开调查并发现了罪犯留下的蛛丝马迹。与此同时，李爱军（冯远征 饰）外孙女也遭人绑架，绑架手法跟10年前如出一辙，面对狡猾的嫌犯，陈浩和白兰能否抓到凶手，一偿夙愿…', '你是凶手', 1);
INSERT INTO `m_movie_detail` VALUES ('1212985624708444162', '27594938', '马特·贝蒂内利-奥尔平 泰勒·吉勒特', '盖伊·比尤西克 / 瑞恩·墨菲', '萨玛拉·维文 安迪·麦克道威尔 马克·奥布莱恩 亚当·布罗迪 亨利·科泽尼 妮基·瓜达尼 梅兰妮·斯科洛凡诺 克里斯蒂安·布鲁恩 伊利斯 莱韦斯克 约翰·拉尔斯顿 达妮埃拉·巴博萨 伊拉娜·盖尔 安德鲁·安东尼', '悬疑 惊悚 恐怖', 'tt7798634', '2019-08-21(美国)', '95分钟', '　　讲述年轻姑娘Grace即将嫁入豪门，婚礼当天晚上，丈夫Alex古怪的家族成员邀请她参与一项历史悠久的传统，结果演变成一个离奇恐怖的致命游戏，引发灾难。', '准备好了没', 1);
INSERT INTO `m_movie_detail` VALUES ('1212985624746192897', '30432964', '乔恩·卢卡斯 斯科特·摩尔', '乔恩·卢卡斯 / 斯科特·摩尔', '亚当·德维尼 亚历山德拉·希普 罗丝·伯恩 罗恩·芬奇斯 查琳·易 迈克尔·佩纳 旺达·塞克丝 卡迪小子 贾斯汀·哈特雷 玛塞拉·布拉吉奥 丹吉洛 卡茜·亨德利 达韦恩·乔丹 杰夫·里帕瑞 约翰·洛巴托 凯莉·理查德森 托尼·托斯特', '喜剧', 'tt9354944', '2019-10-11(美国)', '84分钟', '　　莱克茜是个人工智能助理，她将让“生活更美好”作为己任。而菲尔是个爱手机如命的普通上班族，当杰克茜与菲尔狭路相逢，他们之间发生了一段段令人啼笑皆非的故事。', '杰克茜', 1);
INSERT INTO `m_movie_detail` VALUES ('1212985624825884673', '30163500', '迈克尔·贝', '保罗·韦尼克 / 瑞特·里斯', '瑞恩·雷诺兹 本·哈迪 梅拉尼·罗兰 亚德里亚·霍纳 戴夫·弗兰科 科里·霍金斯 塞巴斯蒂安·罗奇 曼努埃尔·加西亚-鲁尔福 詹姆斯·莫瑞 利奥·拉兹 埃莱娜·卡多纳 佩曼·莫阿迪 尤里·科洛科利尼科夫 金·柯尔德 丹尼尔·阿德博伊加 詹姆斯·卡罗尔·乔丹 康斯坦丁·格雷戈里 彼得·阿佩塞拉 托多尔·乔丹诺夫 里纳特·希什马塔林 莉迪亚·佛朗哥 罗杰·内瓦雷斯 舒巴姆·沙拉夫', '动作 惊悚', 'tt8106534', '2019-12-13(美国)', '127分钟', '　　来自世界各地的六人，个个都是各自领域的佼佼者。他们之所以被选中，不单是因为能力出众，还在于其独特的志向：他们想抹杀自己的过去以改变未来。一位神秘的领袖（瑞恩·雷诺兹饰）将他们召集到一起组成了这个团队，他毕生唯一的使命就是确保即使他和自己的同伴会被遗忘，但也要让人们永远铭记他们所做的一切。', '鬼影特攻：以暴制暴', 1);
INSERT INTO `m_movie_detail` VALUES ('1212985624838467586', '30143336', '罗伯特·艾格斯', '马克斯·艾格斯 / 罗伯特·艾格斯', '威廉·达福 罗伯特·帕丁森 瓦莱丽娅·卡拉曼', '惊悚 恐怖', 'tt7984734', '2019-05-19(戛纳电影节) 2019-09-07(多伦多电影节) 2019-11-01(美国)', '109分钟', '　　时间背景设置在上世纪初的加拿大新斯科舍，主角是一名年迈的灯塔看守人(达福饰)，故事则围绕航海世界的神秘事件展开。', '灯塔', 1);
INSERT INTO `m_movie_detail` VALUES ('1212985624867827714', '30390144', '王子逸', '王子逸', '奥卡菲娜 马泰 林晓杰 赵淑珍 卢红 姜永波 陈涵 水原碧衣 章静 杨学建', '剧情 家庭', 'tt8637428', '2019-11-22(中国大陆点映) 2020-01-10(中国大陆) 2019-01-25(圣丹斯电影节) 2019-07-12(美国)', '98分钟', '　　影片讲述一个华人家庭的奶奶被诊断罹癌，但家人选择隐瞒奶奶，假借一场婚礼的名义让所有家人回家见奶奶最后一面，但在纽约长大的碧莉（奥卡菲娜饰演）认为知道自己病况是奶奶的人权，因此在华人家庭中上演一场中西文化冲突，一部寻根家庭喜剧。故事改编自华裔女导演王子逸自己的家庭故事，她也因本片被《综艺》杂志评选2019年必关注导演之一。', '别告诉她', 1);
INSERT INTO `m_movie_detail` VALUES ('1212985624901382145', '30211551', '李元泰', '李元泰', '马东锡 金武烈 金成圭 刘承睦 崔民哲 金胤成 许栋元 吴熙俊 杨志洙 金洁 李恩泉 刘在明', '剧情 动作 犯罪', 'tt10208198', '2019-05-15(韩国)', '109分钟', '　　罪犯头目张东洙（Don Lee）被一名神秘莫测的连环杀手暴力袭击之后幸存，与当地警探郑泰硕（Kim Moo Yul）形成了一种奇妙的搭档关系，联手捕捉被称为“K”的虐待狂杀手”。', '恶人传', 1);
INSERT INTO `m_movie_detail` VALUES ('1212985624901382146', '27089612', '伍迪·艾伦', '伍迪·艾伦', '蒂莫西·柴勒梅德 艾丽·范宁 赛琳娜·戈麦斯 裘德·洛 迭戈·卢纳 列维·施瑞博尔 苏琪·沃特豪斯 凯莉·罗尔巴赫 丽贝卡·豪尔 安娜莱吉·阿什福特 切莉·琼斯 葛瑞芬·纽曼 凯瑟琳·利·斯科特 娜塔莎·罗曼诺娃 维尔·罗杰斯 雅各布·伯格 克里斯·班克斯 艾恩斯利·丹恩 马科·查卡 达里尔·鲁本·霍尔 泰勒·布莱克 唐·斯蒂芬森', '喜剧 爱情', 'tt7139936', '2019-07-26(波兰)', '92分钟', '　　情迷巴塞隆拿、巴黎、罗马过后，活地亚伦始终最锺情老家纽约，一沾雨露回春。年轻情侣来到曼克顿度周末，可惜声色时光遇上滂沱大雨天，刚萌芽的爱情被洒得七零八落。女方得见偶像导演，更与父辈男星陷入三角恋爱；男方为好友执导的黑色电影习作担任男主角，半真半假与女星来个法式湿吻意乱情迷。知识分子的知性浪漫蜕变为嫩男少艾的躁动神经质，念念不忘续为曼克顿献上不老的情书。', '纽约的一个雨天', 1);
INSERT INTO `m_movie_detail` VALUES ('1212985624913965057', '24716039', '詹姆斯·格雷', '詹姆斯·格雷 / 伊森·格罗斯', '布拉德·皮特 汤米·李·琼斯 鲁丝·内伽 唐纳德·萨瑟兰 金伯莉·伊丽丝 劳恩·迪恩 唐尼·科沙瓦茨 肖恩·布莱克默 鲍比·内什 丽莎盖伊·汉密尔顿 约翰·芬 约翰·奥提兹 弗雷达·福斯·沈 凯拉·亚当斯 拉维·卡普尔 丽芙·泰勒 埃莉莎·佩里 丹尼尔·萨乌利 吉米·希尔兹 库纳尔·杜德赫克 格雷格·布瑞克 艾莉森·瑞德 莎莎·康普 娜塔莎·雷昂 洛雷尔·伯德·多夫曼 哈尔茨卡·库扎 希拉·M·洛克哈特 马洛里·露 安妮·麦克代尼尔斯 珍·莫里洛 罗切尔·罗斯 瓦莱丽·罗斯', '科幻 冒险', 'tt2935510', '2019-12-05(中国大陆) 2019-08-29(威尼斯电影节) 2019-09-20(美国)', '124分钟', '　　地球上接连出现神秘怪象，科学家发现某种失控的反物质反应正在威胁整个太阳系，人类生存极度堪忧……地球生死攸关之际，天才航天工程师罗伊（布拉德·皮特 饰）被派往外太空，试图揭开谜团拯救人类。这是一场横跨地球、月球、火星、海王星，穿越整个太阳系的硬核冒险，一路危机重重险象环生，罗伊直面爆炸、陨石、月球飙车枪战、神秘生物等意想不到的考验，还找回了失联20年的父亲！当年罗伊的父亲（汤米·李·琼斯 饰）离开地球探寻外星智慧生物，结果任务失败，消失在茫茫宇宙之中。如今父子重逢，罗伊在太空深处发现了不为人知的秘密，渐渐触达所有事件的终极真相……', '星际探索', 1);
INSERT INTO `m_movie_detail` VALUES ('1212985624922353665', '30394535', '董润年', '董润年', '黄渤 王珞丹 谭卓 白客 黄璐 文淇 焦俊艳 宋春丽 李嘉琪 丁溪鹤 吕星辰 黄觉 李倩 王菊 李诞 金靖承 曹炳琨 张腾岳 田壮壮 刘頔', '剧情 爱情 科幻', 'tt10489348', '2019-12-13(中国大陆)', '131分钟', '　　据说该片的创作灵感来源于董润年的一个脑洞：“如果有一道神秘的光把一部分人抓走，社会的平静与法则被打破，我们该怎么办？” 在导演的脑洞中，光代表什么？为什么人会被光抓走？谁会被光抓走？留下来的人要怎么办？这一系列疑问未来都需要在片中得到解答。', '被光抓走的人', 1);
INSERT INTO `m_movie_detail` VALUES ('1212985624964296706', '33400376', '徐磊', '徐磊', '徐朝英 张占义 宿树河', '剧情 喜剧 悬疑', 'tt10488396', '2019-11-29(中国大陆) 2019-07-22(FIRST青年影展)', '98分钟', '　　超英翻盖新房 ，占义、树河前来帮忙，没想到树河却因意外车祸入院，司机肇事逃逸，超英和占义化身“平原侦探”，踏上了一段令人啼笑皆非的荒诞追凶之旅。', '平原上的夏洛克', 1);
INSERT INTO `m_movie_detail` VALUES ('1212985625085931521', '30241102', '田中亮', '古泽良太', '长泽雅美 东出昌大 小日向文世 竹内结子 三浦春马 江口洋介 小手伸也 织田梨沙 前田敦子 小栗旬 佐津川爱美 冈田义德 生濑胜久', '喜剧 悬疑', 'tt9552258', '2019-05-17(日本)', '116分钟', '　　长泽雅美、东出昌大、小日向文世等主演的剧集《行骗天下JP》将被打造为同名电影。剧集围绕三名欺诈师在金融、房地产、艺术、美容等各行业欺诈巨款的故事展开。长泽雅美、东出昌大、小日向文世将回归。', '行骗天下JP：浪漫篇', 1);
INSERT INTO `m_movie_detail` VALUES ('1212985625157234689', '27002635', '迈克尔·恩格勒', '朱利安·费罗斯', '米歇尔·道克瑞 休·博纳维尔 伊丽莎白·麦戈文 玛吉·史密斯 艾美达·斯丹顿 塔彭丝·米德尔顿 马修·古迪 凯特·菲利普斯 艾伦·里奇 琼安·弗洛加特 索菲 麦希拉 劳拉·卡尔迈克尔 斯蒂芬·坎贝尔·莫尔 爱丽丝·麦卡锡 杰拉丁妮·詹姆斯 马克斯·布朗 马克·阿蒂 拉奎尔·卡西迪 罗伯·詹姆斯-克里尔 吉姆·卡特 哈利·海顿-佩顿 菲利斯·洛根 布兰登·柯伊尔 佩内洛普·威尔顿 苏珊·林奇 大卫·海格 西蒙·琼斯 莱斯利·尼科尔 凯文·道尔 詹姆斯·卡特莱特 安德鲁·哈维尔 佩里·菲兹派翠克 菲利普·斯波 丽琪达·卡里 纪尧姆·里瓦德 查理·沃森 阿什莉·劳埃德 达伦·斯特兰奇 尼克·欧文福特 乔纳森·奇塔姆 迈克尔·福克斯', '剧情', 'tt6398184', '2019-12-13(中国大陆) 2019-09-13(英国)', '122分钟', '　　电影版《唐顿庄园》讲述了新的故事：一向暗流涌动的唐顿庄园突然接到一封意外信件，英国皇室即将造访。当象征着大不列颠最高权力的国王夫妇来到这座偏安一隅的乡间宅邸，等待唐顿庄园主人们的将会是怎样的挑战；当两种都以高冷优雅、荣誉体面为毕生追求的人群相遇，又将发生怎样意想不到的碰撞？《唐顿庄园》携经典演员阵容回归，首度通过大银幕演绎一段镌刻着浓郁英伦气息的全新贵族篇章。', '唐顿庄园', 1);
INSERT INTO `m_movie_detail` VALUES ('1212985625174011906', '25747204', '李骏', '李骏 / 丁小洋 / 海岩', '范伟 宋洋 焦俊艳 陈数', '剧情 悬疑 犯罪', 'tt11203678', '2019-11-15(中国大陆)', '113分钟', '　　为破获一起大型国宝失窃案，身为刑警的赵红雨（焦俊艳饰），为了调查亲生父亲万正纲（范伟饰）的现任妻子林白玉（陈数饰），在搭档邵宽城（宋洋饰）的掩护之下，到其身边卧底。就在案件得以水落石出之时，这批国家宝藏竟在警察的严密监控下不翼而飞，林白玉也突然失踪…… 　　身为历史学教授的万正纲遭到警察怀疑，作为女儿的赵红雨决心找父亲探询真相，却不料陷入一场更大的危机。是夫妻反目成仇引发的悲剧？还是父女冰释前嫌时突遇袭击？在邵宽城的调查下，随着真相浮出水面的，是一场真正关于人性的博弈……', '长安道', 1);
INSERT INTO `m_movie_detail` VALUES ('1212985625194983425', '30295905', '刘伟强', '于勇敢', '张涵予 欧豪 杜江 袁泉 张天爱 李沁 雅玫 杨祺如 高戈 黄志忠 朱亚文 李现 焦俊艳 吴樾 阚清子 李岷城 冯文娟 陈数 杨颖 余皑磊 关晓彤 刘浩 伊拉尔·帕萨 亚历克斯·皮希汀 赵亮 周波', '剧情 灾难', 'tt10218664', '2019-09-30(中国大陆)', '111分钟', '　　根据2018年5月14日四川航空3U8633航班机组成功处置特情真实事件改编。机组执行航班任务时，在万米高空突遇驾驶舱风挡玻璃爆裂脱落、座舱释压的极端罕见险情，生死关头，他们临危不乱、果断应对、正确处置，确保了机上全部人员的生命安全，创造了世界民航史上的奇迹。', '中国机长', 1);
INSERT INTO `m_movie_detail` VALUES ('1212985625199177729', '3882427', '西蒙·柯蒂斯', '马克·鲍姆贝克 / 加斯·斯坦', '凯文·科斯特纳 米洛·文堤米利亚 阿曼达·塞弗里德 马丁·唐文 盖瑞·科尔 凯西·贝克 阿尔·萨皮恩扎 莉莉·多斯沃斯-埃文斯 赖恩·基拉·阿姆斯特朗 凯伦·霍尔尼斯 麦金利·贝尔彻 阿里萨·维拉尼 伊丽莎白·鲍恩 帕特里克·罗卡斯 李利强 吉安皮罗·科格诺利', '剧情 喜剧', 'tt1478839', '2019-08-09(美国)', '109分钟', '　　影片改编自Garth Stein所著同名畅销小说，聚焦一只名叫恩佐的狗狗，和他的主人——职业赛车手Denny Swift，恩佐跟着Denny学会了很多生活哲学。', '我在雨中等你', 1);
INSERT INTO `m_movie_detail` VALUES ('1212985625236926466', '3097572', '李安', '戴维·贝尼奥夫 / 比利·雷 / 达伦·莱姆克', '威尔·史密斯 玛丽·伊丽莎白·温斯特德 克里夫·欧文 本尼迪克特·王 道格拉斯·霍奇斯 拉尔夫·布朗 琳达·伊蒙 伊利亚·沃里克 E·J·博尼拉 维克多·雨果 大卫·莫拉蒂 西奥多拉·伍利 亚历山德拉·苏奇 费尔南达·多罗吉 提姆·康纳利 比约恩·弗赖贝格 施奎塔·詹姆斯 Shiquita James 肯尼·谢尔德 Diego Adonye Igor Szasz Lilla Banak', '剧情 动作 科幻', 'tt1025100', '2019-10-18(中国大陆) 2019-09-25(匈牙利) 2019-10-11(美国)', '117分钟', '　　美国国防情报局特工亨利（威尔·史密斯饰），准备退休之际意外遭到一名神秘杀手的追杀，在两人的激烈较量中，他发现这名杀手竟然是年轻了20多岁的自己，一场我与我的对决旋即展开，而背后的真相也逐渐浮出水面。', '双子杀手', 1);
INSERT INTO `m_movie_detail` VALUES ('1212985625329201153', '27132510', '费尔南多·梅里尔斯', '安东尼·麦卡滕', '安东尼·霍普金斯 乔纳森·普雷斯 胡安·米努欣 路易斯·尼科 克里斯蒂娜·巴尼加斯 玛丽亚·乌斯多 雷纳托·斯卡帕 西德尼·科尔 阿基里·布鲁尼尼 费德里科·托瑞 赫尔曼·德·席尔瓦 利桑德罗·菲克斯 利贝罗·德·瑞恩佐 威利·乔纳 索非亚·塞萨克 文森特·里奥特 塞奇莉亚·达齐 塞尔吉奥·尼古拉 洛伦佐·维格万诺 教皇本尼迪克特十六世 方济各', '剧情', 'tt8404614', '2019-08-31(特柳赖德电影节) 2019-11-27(美国)', '125分钟', '　　这是一个真实的故事，讲述了近 2000 年来最戏剧性的权力交接事件之一。主教贝尔格利奥（乔纳森·普雷斯饰演）对教会的发展方向感到十分失望，因此向教皇本笃（安东尼·霍普金斯饰演）申请在 2012 年退休。然而，面对丑闻和自我怀疑，善于内省的教皇本笃召见对他最严厉的批判者和未来的继任者来到罗马，在梵蒂冈的围墙之内，展开了一场传统与进步、罪恶与宽恕之间的斗争，这两位截然不同的人直面各自的过去，以图寻找共同点，以及为全世界十亿信徒开创未来。', '教宗的承继', 1);
INSERT INTO `m_movie_detail` VALUES ('1212985625396310017', '27045860', '本·萨弗迪 约书亚·萨弗迪', '罗纳德·布隆斯坦 / 本·萨弗迪 / 约书亚·萨弗迪', '亚当·桑德勒 茱莉娅·福克斯 凯文·加内特 威肯 伊迪娜·门泽尔 乔纳森·阿兰巴耶夫 雅各布·伊吉尔斯基 诺亚·费舍尔 帕洛玛·艾尔瑟瑟 勒凯斯·斯坦菲尔德 埃里克·博高森 基思·威廉姆斯·理查兹 汤米·科米尼克 路易·安东尼·阿里亚斯 肖恩·林金 贾德·赫希 约翰·阿莫斯 布莱斯·科里根 罗比·德拉费勒 安赫·道格 迈克·弗朗西萨 庞·克莱门捷夫 娜塔莎·雷昂 乔恩·内卡杰 尼克·波托兰宁 杰克·莱恩 蒂尔达·斯文顿', '剧情 喜剧 犯罪', 'tt5727208', '2019-08-30(特柳赖德电影节) 2019-12-25(美国)', '135分钟', '　　影片讲述了一位纽约钻石店老板Howard Ratner（亚当·桑德勒饰），他嗜赌成瘾，婚姻岌岌可危，还有一个对他不忠诚的女友。Howard Ratner欠赌徒（埃里克勃格森饰）钱，而打手们也一直威胁着让他还钱。当他买了一批价值数百万美元的稀有的未切割埃塞俄比亚蛋白石，他觉得自己的霉运会就此终结。这些石头本来是打算用做拍卖的，但是当波士顿凯尔特人超级球星凯文·加内特走进宝石店，希望租下这些石头，因为它们可以给他在NBA总决赛上带来好运，事态也就越发复杂了起来 。', '原钻', 1);
INSERT INTO `m_movie_detail` VALUES ('1212985625438253058', '30257175', '瑟琳·席安玛', '瑟琳·席安玛', '诺米·梅兰特 阿黛拉·哈内尔 瓦莱丽亚·戈利诺 阿曼德·博兰格 Luàna Bajrami Christel Baras Guy Delamarche Clément Bouyssou Michèle Clément Cécile Morel', '剧情 爱情 同性 历史', 'tt8613070', '2019-05-19(戛纳电影节) 2019-09-18(法国)', '120分钟', '　　1760年法国布列塔尼，才华洋溢的年轻女画家玛莉安（诺米·梅兰特饰）收到委托，需要在对方不知情的状况下，完成富家小姐艾洛伊兹（阿黛拉·哈内尔饰）出嫁前的肖像画。两人在孤岛相依为命，白天女画家悄悄观察小姐的一举一动，到了晚上才纵情下笔。两人在画与被画的亲密接触下，即便是在充满礼教束缚的时代，却也渐渐萌发了禁忌的暧昧情愫，随着大婚之日越来越近，她们的爱火却越烧越猛烈…', '燃烧女子的肖像', 1);
INSERT INTO `m_movie_detail` VALUES ('1212985625467613185', '30198539', '佩德罗·阿莫多瓦', '佩德罗·阿莫多瓦', '安东尼奥·班德拉斯 阿谢尔·埃特塞安迪亚 莱昂纳多·斯巴拉格利亚 诺拉·纳瓦斯 胡丽叶塔·塞拉诺 塞萨尔·文森特 阿瑟·弗洛雷斯 佩内洛普·克鲁兹 塞西莉亚·罗特 苏西·桑切斯 劳尔·阿雷瓦洛 佩德罗·卡萨布兰科 朱利安·洛佩兹 伊娃·马丁 马里索尔·穆里尔 阿古斯丁·阿莫多瓦 沃伦·比蒂 埃丝特·加西亚 米娜 玛丽莲·梦露 娜塔莉·伍德', '剧情 同性', 'tt8291806', '2019-03-13(马德里首映) 2019-03-22(西班牙) 2019-05-17(戛纳电影节)', '113分钟', '　　佩德罗·阿莫多瓦、安东尼奥·班德拉斯、佩内洛普·克鲁兹将合作新片《痛苦与荣耀》(Dolor y Gloria)，7月上半月开拍。和阿莫多瓦上部影片《胡丽叶塔》相反，影片主角将是两名男性，由班德拉斯和阿谢尔·埃特塞安迪亚扮演，克鲁兹和胡丽叶塔·塞拉饰女配，讲述一个处于晚年的电影导演的生活故事，包含初恋、第二次恋爱、母亲、死亡、与他合作过的一些演员，时间跨越60、80年代和现在，一种不适应的空虚感导致他现在无法拍电影。', '痛苦与荣耀', 1);
INSERT INTO `m_movie_detail` VALUES ('1212985625568276482', '27166976', '吕克·贝松', '吕克·贝松', '萨莎·露丝 海伦·米伦 卢克·伊万斯 基里安·墨菲 莱拉·阿波瓦 亚历山大·佩特罗夫 尼基塔·帕夫连科 安娜·克里帕 阿列克谢·马斯洛杜多夫 艾力克·高敦 伊凡·弗拉内克 让·巴蒂斯特·普奇 阿德里安·坎恩 艾莉森·惠勒 安德鲁·霍华德 詹·奥利弗·施罗德 谢尔盖·巴切乌尔斯基 耶斯·利奥丹 詹姆斯·乔因特 雷吉尔·库迪乌 扎克·安德里亚纳索洛 保利妮·霍劳 尼可洛·森尼 伊戈尔·萨沃金 特拉维斯·克舍琴 埃文特·斯特朗 克里斯多夫·泰克 鲁伯特·韦恩-詹姆斯 大卫·科伯恩', '动作 惊悚', 'tt7456310', '2019-06-21(美国) 2019-07-10(法国)', '119分钟', '　　故事聚焦神秘女杀手安娜的成长及执行各种暗杀任务的经历，在美丽的外表下，安娜拥有聪明绝顶的头脑和强大的战斗技巧，是世界上最恐怖的刺客之一，她游走于黑白两道，只要被锁定的目标，从不失手。', '安娜', 1);
INSERT INTO `m_movie_detail` VALUES ('1212985625568276483', '30413052', '李仁港', '阿来 / 尚英 / 李仁港', '吴京 章子怡 井柏然 张译 胡歌 成龙 陈龙 多布杰 何琳 刘小锋 拉旺罗布 曲尼次仁 王景春', '剧情 爱情 冒险', 'tt9635616', '2019-09-30(中国大陆)', '125分钟', '　　1960年，中国登山队向珠峰发起冲刺，完成了世界首次北坡登顶这一不可能的任务。15 年后，方五洲和曲松林在气象学家徐缨的帮助下，带领李国梁、杨光等年轻队员再次挑战世界之巅。迎接他们的将是更加 严酷的现实，也是生与死的挑战......', '攀登者', 1);
INSERT INTO `m_movie_detail` VALUES ('1212985625635385346', '26715636', '王小帅', '阿美 / 王小帅', '王景春 咏梅 齐溪 王源 杜江 艾丽娅 徐程 李菁菁 赵燕国彰', '剧情 家庭', 'tt9581076', '2019-03-22(中国大陆) 2019-02-14(柏林电影节)', '175分钟', '　　影片讲述患难与共的两个家庭因为一场有隐情的意外被迫疏远，他们在时代洪流下历尽伤痛与不安，人生起伏跌宕，最终选择面对真相，坦荡向前的故事。 　　年轻的刘耀军和沈英明两家人本是挚友，两家儿子沈浩和刘星在郊外嬉戏中，耀军的儿子刘星意外身亡，此事彻底改变了两家人的命运。刘家夫妇远赴南方。多年后，容颜已老的他们再次相聚，隐藏的真相终将因为年轻一代人的坦荡而揭开。岁月流逝，生命滚滚向前……', '地久天长', 1);
INSERT INTO `m_movie_detail` VALUES ('1212985625933180930', '32659890', '陈凯歌 张一白 管虎 薛晓路 徐峥 宁浩 文牧野', '文宁 / 修梦迪 / 薛晓路 / 何可可 / 徐峥 / 管虎 / 张冀', '黄渤 张译 韩昊霖 杜江 葛优 刘昊然 宋佳 王千源 任素汐 吴京 朱一龙 王东 陈飞宇 佟丽娅 欧豪 张嘉译 惠英红 龚蓓苾 田壮壮 韩东君 辛柏青 周冬雨 任达华 江珊 王砚辉 耿乐 姜武 梁静 佟大为 魏晨 胡军 王天辰 彭昱畅 罗海琼 郭丞 周依然 樊雨洁 刘涛 马伊琍 张建亚 徐峥 王洛勇 高亚麟 王道铁 程禹森 马书良 景海鹏 陈冬 雷佳音 张子枫 陶虹 郭京飞 袁文康 贾晨飞 邵汶 张芝华 段博文 郎平', '剧情', 'tt10147382', '2019-09-30(中国大陆)', '155分钟', '　　七位导演分别取材新中国成立70周年以来，祖国经历的无数个历史性经典瞬间。讲述普通人与国家之间息息相关密不可分的动人故事。聚焦大时代大事件下，小人物和国家之间，看似遥远实则密切的关联，唤醒全球华人共同回忆。', '我和我的祖国', 1);
INSERT INTO `m_movie_detail` VALUES ('1212985625933180931', '25986662', '宁浩', '孙小杭 / 董润年 / 吴楠 / 刘晓丹 / 潘依然', '黄渤 沈腾 汤姆·派福瑞 马修·莫里森 徐峥 于和伟 雷佳音 刘桦 邓飞 蔡明凯 王戈 凯特·纳尔逊 王砚伟 呲路', '喜剧 科幻', 'tt6660238', '2019-02-05(中国大陆)', '116分钟', '　　号称银河系最先进的外星文明试图和地球建交，谁知一连串的误会导致意外发生。外星使者的飞船坠入大气层，最终摔在了中国某市的世界公园中。靠耍猴戏为生的耿浩（黄渤 饰）和酒贩子好友大飞（沈腾 饰）把受伤的外星人错认为来自南美洲的猴子，在自家猴子受伤的情况下，耿浩开始训练起这个他口中的“刚果骚骚猴”来了。由于失去了超能力加成设备，外星人的本事无法施展，只能任由这两个傻乎乎的地球人打骂操练。尽管如此，他仍试图夺回自己的装备。另一方面，之前与外星人交流失败的超级大国根据外星人留下的信息，穿梭世界各地寻找外星使者。地球的命运朝着不可预测的方向发展…… 　　本片创意来自刘慈欣的科幻小说《乡村教师》。 ©豆瓣', '疯狂的外星人', 1);
INSERT INTO `m_movie_detail` VALUES ('1212985625979318273', '6538866', '詹姆斯·曼高德', '詹姆斯·曼高德 / 杰斯·巴特沃斯 / 约翰-亨利·巴特沃斯 / 贾森·凯勒 / A·J·拜梅', '马特·达蒙 克里斯蒂安·贝尔 乔·博恩瑟 诺亚·尤佩 玛丽萨·佩特罗 凯特瑞娜·巴尔夫 乔什·卢卡斯 雷·迈克金农 约翰·约瑟夫·菲尔德 崔西·莱茨 华莱士·朗翰 乔纳森·拉帕格里拉 斯特凡 鲁道夫·马丁 拉奇兰·布坎南 瓦德·霍尔顿 肖恩·卡里甘 克里斯托弗·达尔加 亚当·梅菲尔德 乔瓦尼索罗菲瓦 乔·威廉森 本杰明·里格比 杰克·麦克马伦 保罗·福克斯 雷莫·吉罗内 德鲁·劳施 朱利安·米勒 艾拉姆·奥里安 埃姆利·贝赫什蒂 蒂芙妮·伊冯娜·考克斯 达林·库珀 科拉多·因韦尔尼齐 特洛伊·迪林格 彼得·阿佩塞拉 斯凯勒·马歇尔', '剧情 传记 运动', 'tt1950186', '2019-08-30(特柳赖德电影节) 2019-11-15(美国)', '152分钟', '　　基于真实故事，聚焦由汽车设计师卡罗尔·谢尔比带领的一队美国工程师、设计师，以及他旗下的英国车手肯·迈尔斯，亨利·福特二世要求谢尔比打造一辆全新的赛车，希望能在1966年的勒芒世界锦标赛上打败长期占主导地位的法拉利。最终福特GT40在勒芒24小时耐力赛中成功击败法拉利，并蝉联了1967和1968年的冠军。', '极速车王', 1);
INSERT INTO `m_movie_detail` VALUES ('1212985626121924610', '26794435', '饺子', '饺子 / 易巧 / 魏芸芸', '吕艳婷 囧森瑟夫 瀚墨 陈浩 绿绮 张珈铭 杨卫', '剧情 喜剧 动画 奇幻', 'tt10627720', '2019-07-26(中国大陆) 2019-07-13(大规模点映)', '110分钟', '　　天地灵气孕育出一颗能量巨大的混元珠，元始天尊将混元珠提炼成灵珠和魔丸，灵珠投胎为人，助周伐纣时可堪大用；而魔丸则会诞出魔王，为祸人间。元始天尊启动了天劫咒语，3年后天雷将会降临，摧毁魔丸。太乙受命将灵珠托生于陈塘关李靖家的儿子哪吒身上。然而阴差阳错，灵珠和魔丸竟然被掉包。本应是灵珠英雄的哪吒却成了混世大魔王。调皮捣蛋顽劣不堪的哪吒却徒有一颗做英雄的心。然而面对众人对魔丸的误解和即将来临的天雷的降临，哪吒是否命中注定会立地成魔？他将何去何从？', '哪吒之魔童降世', 1);
INSERT INTO `m_movie_detail` VALUES ('1212985626365194241', '30331149', '黄家康 赵霁', '大毛', '张喆 杨天翔 唐小喜 刘薇 张遥函 郑小璞 张博恒 张赫 马程 程寅 陈霖生 惠龙 林强 章斌', '爱情 动画 奇幻', 'tt9288776', '2019-01-11(中国大陆)', '99分钟', '　　幽暗洞中，白蛇（张喆 配音）苦苦修炼却不得其法，小青见此情景，将发髻上的碧玉簪子取下，令白蛇攥在手中。那一刻，五百年前的记忆瞬间苏醒。五百年前，晚唐君主昏聩庸碌，掌握邪术的国师只手遮天，命令天下百姓捕蛇修法。为了拯救族群，白蛇冒险行刺，结果却遭遇挫败，还失去了记忆。当她再度醒来，发现自己被一个专门捕蛇的村落所救下，而那个胆小却善良的青年许宣（杨天翔 配音）则吸引了白蛇的注意。与此同时，国师派出爪牙四处追寻白蛇的下落，而蛇族更误解白蛇叛逃人类，接二连三派出杀手。 　　五百年后的一段姻缘，早在这乱世之间便已缔结…… ©豆瓣', '白蛇：缘起', 1);
INSERT INTO `m_movie_detail` VALUES ('1212985626671378434', '27202818', '诺亚·鲍姆巴赫', '诺亚·鲍姆巴赫', '斯嘉丽·约翰逊 亚当·德赖弗 梅里特·韦弗 劳拉·邓恩 雷·利奥塔 朱丽·哈基提 马克·奥布莱恩 华莱士·肖恩 阿伦·阿尔达 凯尔·柏海莫 米奇·萨姆纳 艾奇·罗伯逊 马修·马希尔 罗伯特·斯密戈尔 艾登·梅耶里 布鲁克·布鲁姆 玛莎·凯莉 阿尔伯特·琼斯 汉娜·邓恩 桑德拉·罗斯科 麦金利·贝尔彻 戈登·格里克 马修·希尔 阿米尔·塔莱 萨拉·琼斯 文尼·希伯 胡安·阿方索 洛蕾塔·谢诺斯基 滕德·艾德比佩', '剧情 爱情', 'tt7653254', '2020(中国大陆) 2019-08-29(威尼斯电影节) 2019-12-06(美国)', '136分钟', '　　以一起离婚事件探讨婚姻和爱情，诺亚·鲍姆巴赫执导， 亚当·德赖弗扮演一个剧作家，斯嘉丽·约翰逊扮演一个女明星，两人因各自工作分居纽约和洛杉矶而不得不走向离婚，主演另有劳拉·邓恩、格蕾塔·葛韦格。 Netflix参与制作。', '婚姻故事', 1);
INSERT INTO `m_movie_detail` VALUES ('1212985626847539202', '6981153', '马丁·斯科塞斯', '查尔斯·布兰特 / 斯蒂文·泽里安', '罗伯特·德尼罗 阿尔·帕西诺 乔·佩西 安娜·帕奎因 杰西·普莱蒙 哈威·凯特尔 斯蒂芬·格拉汉姆 鲍比·坎纳瓦尔 杰克·休斯顿 阿莱卡萨·帕拉迪诺 凯瑟琳·纳杜奇 多米尼克·隆巴多兹 雷·罗马诺 塞巴斯蒂安·马尼斯科 杰克·霍夫曼 保罗·本-维克托 斯蒂芬妮·库尔特祖巴 莎伦·菲弗 路易斯·坎瑟米 茵迪亚·恩能加 J.C.麦肯泽 巴里·普赖默斯 吉姆·诺顿 盖里·巴萨拉巴 玛格丽特·安妮·佛罗伦斯 约翰·斯库蒂 约翰·塞纳迭姆博 大卫·阿隆·贝克 桃乐丝·麦卡锡 凯文·凯恩 加里·帕斯托雷 约瑟夫·罗素 凯文·奥罗克 娜塔莎·罗曼诺娃 杰里米·卢克 凯莉·P·威廉姆斯 詹妮弗·马奇 保罗·鲍格才 蒂姆·内夫 斯蒂芬·梅尔勒 克雷格·文森特 比利·史密斯 布莱斯·科里根 斯泰西·爱丽丝·科恩 吉诺·卡法雷利 拉里·罗曼诺 罗伯特·富纳罗 维罗妮卡·阿利奇诺 克劳黛特·拉利 詹姆斯·洛林兹 阿什莉·诺斯 肯·斯拉迪克 帕特里克·加洛', '剧情 传记 犯罪', 'tt1302006', '2019-09-27(纽约电影节) 2019-11-01(美国点映) 2019-11-27(美国网络)', '209分钟', '　　《爱尔兰人》为马丁·斯科塞斯执导的传奇巨制，罗伯特·德尼罗、阿尔·帕西诺和乔·佩西主演。通过二战老兵弗兰克·希兰的视角，讲述了战后美国有组织犯罪的故事。弗兰克·希兰是一名骗子和杀手，曾经在 20 世纪最恶名昭彰的人物身边工作。该电影跨越数十年，记录了美国历史上最大的悬案之一，即传奇工会领袖吉米·霍法失踪案，以宏大的故事之旅，展现有组织犯罪的隐秘通道：其内部运作、仇敌以及与主流政治的瓜葛。', '爱尔兰人', 1);
INSERT INTO `m_movie_detail` VALUES ('1212985627061448706', '26266893', '郭帆', '龚格尔 / 严东旭 / 郭帆 / 叶俊策 / 杨治学 / 吴荑 / 叶濡畅 / 沈晶晶 / 刘慈欣', '屈楚萧 吴京 李光洁 吴孟达 赵今麦 隋凯 屈菁菁 张亦驰 杨皓宇 阿尔卡基·沙罗格拉茨基 李虹辰 杨轶 姜志刚 张欢 雷佳音 宁浩 刘慈欣 郭京飞 王智 张子贤 路阳 张宁 张小北 饶晓志 陶珞依 吴晓亮 龚格尔 郭帆', '科幻 灾难', 'tt7605074', '2019-02-05(中国大陆)', '125分钟', '　　近未来，科学家们发现太阳急速衰老膨胀，短时间内包括地球在内的整个太阳系都将被太阳所吞没。为了自救，人类提出一个名为“流浪地球”的大胆计划，即倾全球之力在地球表面建造上万座发动机和转向发动机，推动地球离开太阳系，用2500年的时间奔往另外一个栖息之地。中国航天员刘培强（吴京 饰）在儿子刘启四岁那年前往国际空间站，和国际同侪肩负起领航者的重任。转眼刘启（屈楚萧 饰）长大，他带着妹妹朵朵（赵今麦 饰）偷偷跑到地表，偷开外公韩子昂（吴孟达 饰）的运输车，结果不仅遭到逮捕，还遭遇了全球发动机停摆的事件。为了修好发动机，阻止地球坠入木星，全球开始展开饱和式营救，连刘启他们的车也被强征加入。在与时间赛跑的过程中，无数的人前仆后继，奋不顾身，只为延续百代子孙生存的希望…… 　　本片根据刘慈欣的同名小说改编。 ©豆瓣', '流浪地球', 1);
INSERT INTO `m_movie_detail` VALUES ('1212985627090808833', '27010768', '奉俊昊', '奉俊昊 / 韩进元', '宋康昊 李善均 赵汝贞 崔宇植 朴素丹 张慧珍 玄升玟 郑贤俊 朴叙俊 李静恩', '剧情 喜剧', 'tt6751668', '2019-05-21(戛纳电影节) 2019-05-30(韩国)', '132分钟', '　　基宇（崔宇植 饰）出生在一个贫穷的家庭之中，和妹妹基婷（朴素丹 饰）以及父母在狭窄的地下室里过着相依为命的日子。一天，基宇的同学上门拜访，他告诉基宇，自己在一个有钱人家里给他们的女儿做家教，太太是一个头脑简单出手又阔绰的女人，因为自己要出国留学，所以将家教的职位暂时转交给基宇。 　　就这样，基宇来到了朴社长（李善均 饰）家中，并且见到了他的太太（赵汝贞 饰），没过多久，基宇的妹妹和父母也如同寄生虫一般的进入了朴社长家里工作。然而，他们的野心并没有止步于此，基宇更是和大小姐坠入了爱河。随着时间的推移，朴社长家里隐藏的秘密渐渐浮出了水面。 ©豆瓣', '寄生虫', 1);
INSERT INTO `m_movie_detail` VALUES ('1212985627275358210', '26100958', '安东尼·罗素 乔·罗素', '克里斯托弗·马库斯 / 斯蒂芬·麦克菲利 / 斯坦·李 / 杰克·科比 / 吉姆·斯特林', '小罗伯特·唐尼 克里斯·埃文斯 马克·鲁弗洛 克里斯·海姆斯沃斯 斯嘉丽·约翰逊 杰瑞米·雷纳 保罗·路德 凯伦·吉兰 唐·钱德尔 布丽·拉尔森 布莱德利·库珀 泰莎·汤普森 汤姆·赫兰德 伊丽莎白·奥尔森 本尼迪克特·康伯巴奇 蒂尔达·斯文顿 格温妮斯·帕特洛 蕾妮·罗素 约翰·斯拉特里 查德维克·博斯曼 安东尼·麦凯 塞巴斯蒂安·斯坦 克里斯·帕拉特 汤姆·希德勒斯顿 佐伊·索尔达娜 丹娜·奎里拉 本尼迪克特·王 庞·克莱门捷夫 戴夫·巴蒂斯塔 利蒂希娅·赖特 伊万杰琳·莉莉 乔恩·费儒 海莉·阿特维尔 娜塔莉·波特曼 玛丽莎·托梅 塔伊加·维迪提 安吉拉·贝塞特 迈克尔·道格拉斯 米歇尔·菲佛 威廉·赫特 寇碧·史莫德斯 肖恩·古恩 温斯顿·杜克 琳达·卡德里尼 马克斯米利亚诺·赫尔南德斯 弗兰克·格里罗 真田广之 汤姆-沃恩-劳勒 詹姆斯·达西 雅各布·巴特朗 范·迪塞尔 罗伯特·雷德福 乔什·布洛林 塞缪尔·杰克逊 伊薇特·尼科尔·布朗 卡梅伦·布鲁姆布罗 蒂莫西·卡尔 凯瑞·康顿 迈克尔·A·库克 凯莉·库恩 艾玛·福尔曼 雷纳·加拉赫 丹妮拉·加斯基 郑肯 小弗洛伊德·安东尼·约翰 斯坦·李 罗斯·马昆德 布伦特·麦吉 迈克尔·皮耶里诺·米勒 卡兰·马尔韦 泰瑞·诺塔里 吉米·雷·皮肯斯 迈克尔·詹姆斯·肖 泰·辛普金斯 格雷格·蒂芬', '动作 科幻 奇幻 冒险', 'tt4154796', '2019-04-24(中国大陆) 2019-04-26(美国)', '181分钟', '　　一声响指，宇宙间半数生命灰飞烟灭。几近绝望的复仇者们在惊奇队长（布丽·拉尔森 Brie Larson 饰）的帮助下找到灭霸（乔什·布洛林 Josh Brolin 饰）归隐之处，却得知六颗无限宝石均被销毁，希望彻底破灭。如是过了五年，迷失在量子领域的蚁人（保罗·路德 Paul Rudd 饰）意外回到现实世界，他的出现为幸存的复仇者们点燃了希望。与美国队长（克里斯·埃文斯 Chris Evans 饰）冰释前嫌的托尼（小罗伯特·唐尼 Robert Downey Jr. 饰）找到了穿越时空的方法，星散各地的超级英雄再度集结，他们分别穿越不同的时代去搜集无限宝石。而在这一过程中，平行宇宙的灭霸察觉了他们的计划。 　　注定要载入史册的最终决战，超级英雄们为了心中恪守的信念前仆后继…… ©豆瓣', '复仇者联盟4：终局之战', 1);
INSERT INTO `m_movie_detail` VALUES ('1212985628864999426', '27119724', '托德·菲利普斯', '托德·菲利普斯 / 斯科特·西尔弗 / 鲍勃·凯恩 / 比尔·芬格 / 杰瑞·罗宾逊', '杰昆·菲尼克斯 罗伯特·德尼罗 马克·马龙 莎姬·贝兹 谢伊·惠格姆 弗兰西丝·康罗伊 布莱恩·考伦 布莱恩·泰里·亨利 布莱特·卡伦 道格拉斯·霍奇斯 格伦·弗莱施勒 比尔·坎普 乔什·帕斯 但丁·佩雷拉-奥尔森 玛丽·凯特·马拉特 迈克尔·本茨 莎珑·华盛顿 桑德拉·詹姆斯 托尼·赫德 曼德拉·贝拉米 乔·奥克曼 卡尔·伦德施泰特 米克·奥罗克 大卫·吉布森 伊万·罗萨多 安妮·比萨比亚 布莱斯·科里根 乔恩·道格拉斯·雷尼 艾恩斯利·丹恩 杰森·约翰·奇卡莱塞', '剧情 惊悚 犯罪', 'tt7286456', '2019-08-31(威尼斯电影节) 2019-10-04(美国)', '122分钟', '　　亚瑟·弗兰克是一名以小丑职业为生的普通人，患有精神疾病的他和母亲一同住在哥谭市的一座公寓里，幻想成为脱口秀演员的亚瑟为了这个目标而努力的生活着，但是现实却屡次击败他的梦想，亚瑟渐渐地变得越来越癫狂，某天在地铁上，亚瑟为了自保杀害了几名嘲笑他的人，同时，一个疯狂的想法在亚瑟心灵萌发……在看似和平的哥谭市，即将发生翻天覆地的巨变。', '小丑', 1);

-- ----------------------------
-- Table structure for m_movie_performer
-- ----------------------------
DROP TABLE IF EXISTS `m_movie_performer`;
CREATE TABLE `m_movie_performer`  (
  `id` varchar(20) CHARACTER SET utf8 COLLATE utf8_general_ci NOT NULL,
  `name` varchar(200) CHARACTER SET utf8 COLLATE utf8_general_ci NULL DEFAULT NULL,
  `movie_duties` varchar(60) CHARACTER SET utf8 COLLATE utf8_general_ci NULL DEFAULT NULL,
  `img` varchar(150) CHARACTER SET utf8 COLLATE utf8_general_ci NULL DEFAULT NULL,
  `movie_id` varchar(20) CHARACTER SET utf8 COLLATE utf8_general_ci NULL DEFAULT NULL,
  `is_hot` int(1) NULL DEFAULT NULL,
  PRIMARY KEY (`id`) USING BTREE
) ENGINE = InnoDB CHARACTER SET = utf8 COLLATE = utf8_general_ci ROW_FORMAT = Dynamic;

-- ----------------------------
-- Records of m_movie_performer
-- ----------------------------
INSERT INTO `m_movie_performer` VALUES ('1212985612431716353', '导演', '木头 木头', 'movieFile/p1568010971.7.jpg', '26709258', 1);
INSERT INTO `m_movie_performer` VALUES ('1212985612586905602', '配音导演', '皇贞季 皇贞季', 'movieFile/p1566555235.96.jpg', '26709258', 1);
INSERT INTO `m_movie_performer` VALUES ('1212985612616265730', '导演', '塞尔希奥·巴勃罗斯 塞尔希奥·巴勃罗斯', 'movieFile/p1499650191.88.jpg', '26858510', 1);
INSERT INTO `m_movie_performer` VALUES ('1212985612733706242', '导演', '莱恩·约翰逊 莱恩·约翰逊', 'movieFile/p55599.jpg', '30318116', 1);
INSERT INTO `m_movie_performer` VALUES ('1212985612838563841', '导演', '申奥 申奥', 'movieFile/p1542773724.03.jpg', '30299311', 1);
INSERT INTO `m_movie_performer` VALUES ('1212985612909867010', '饰 私家侦探布兰克 Benoit Blanc', '丹尼尔·克雷格 丹尼尔·克雷格', 'movieFile/p42588.jpg', '30318116', 1);
INSERT INTO `m_movie_performer` VALUES ('1212985612964392961', '配 小黑', '山新 山新', 'movieFile/p1473681283.12.jpg', '26709258', 1);
INSERT INTO `m_movie_performer` VALUES ('1212985613002141698', '饰 吴海', '大鹏 大鹏', 'movieFile/p1568097030.58.jpg', '30299311', 1);
INSERT INTO `m_movie_performer` VALUES ('1212985613002141699', 'Co-director', '卡洛斯·马丁内斯·洛佩斯 卡洛斯·马丁内斯·洛佩斯', 'movieFile/celebrity-default-medium.png', '26858510', 1);
INSERT INTO `m_movie_performer` VALUES ('1212985613044084737', '导演', '乔恩·费儒 乔恩·费儒', 'movieFile/p1405546733.56.jpg', '26884354', 1);
INSERT INTO `m_movie_performer` VALUES ('1212985613178302466', '饰 岳淼淼', '柳岩 柳岩', 'movieFile/p39129.jpg', '30299311', 1);
INSERT INTO `m_movie_performer` VALUES ('1212985613211856897', '导演', '塔伊加·维迪提 塔伊加·维迪提', 'movieFile/p1423172662.31.jpg', '30170546', 1);
INSERT INTO `m_movie_performer` VALUES ('1212985613291548674', '饰 钟振江', '张子贤 张子贤', 'movieFile/p1502755044.6.jpg', '30299311', 1);
INSERT INTO `m_movie_performer` VALUES ('1212985613316714497', '导演', '金度英 金度英', 'movieFile/p1527672997.83.jpg', '30327842', 1);
INSERT INTO `m_movie_performer` VALUES ('1212985613316714498', '饰 Jojo Betzler', '罗曼·格里芬·戴维斯 罗曼·格里芬·戴维斯', 'movieFile/p1557910186.94.jpg', '30170546', 1);
INSERT INTO `m_movie_performer` VALUES ('1212985613350268930', '饰 玛塔 Marta', '安娜·德·阿玛斯 安娜·德·阿玛斯', 'movieFile/p1506497192.11.jpg', '30318116', 1);
INSERT INTO `m_movie_performer` VALUES ('1212985613367046145', '导演', '乔什·库雷 乔什·库雷', 'movieFile/p1436104752.86.jpg', '6850547', 1);
INSERT INTO `m_movie_performer` VALUES ('1212985613408989186', '导演', '韩寒 韩寒', 'movieFile/p42220.jpg', '30163509', 1);
INSERT INTO `m_movie_performer` VALUES ('1212985613429960706', '饰 吴悠悠', '张邵勃 张邵勃', 'movieFile/p1577343418.59.jpg', '30299311', 1);
INSERT INTO `m_movie_performer` VALUES ('1212985613434155010', '配 风息', '郝祥海 郝祥海', 'movieFile/p1566555256.13.jpg', '26709258', 1);
INSERT INTO `m_movie_performer` VALUES ('1212985613480292354', '饰 兰森 Alex Robinson', '克里斯·埃文斯 克里斯·埃文斯', 'movieFile/p1359877729.49.jpg', '30318116', 1);
INSERT INTO `m_movie_performer` VALUES ('1212985613480292355', '配 辛巴 Simba', '唐纳德·格洛弗 唐纳德·格洛弗', 'movieFile/p1466186775.21.jpg', '26884354', 1);
INSERT INTO `m_movie_performer` VALUES ('1212985613488680961', '饰 金智英', '郑有美 郑有美', 'movieFile/p1409765749.47.jpg', '30327842', 1);
INSERT INTO `m_movie_performer` VALUES ('1212985613539012609', '饰 碰瓷车主', '刘刚 刘刚', 'movieFile/pY6dpIybLtEscel_avatar_uploaded1561726764.45.jpg', '30299311', 1);
INSERT INTO `m_movie_performer` VALUES ('1212985613559984129', '配 无限', '刘明月 刘明月', 'movieFile/p1566555279.04.jpg', '26709258', 1);
INSERT INTO `m_movie_performer` VALUES ('1212985613559984130', '导演', '曾国祥 曾国祥', 'movieFile/p1519542625.12.jpg', '30166972', 1);
INSERT INTO `m_movie_performer` VALUES ('1212985613627092994', '配 辛巴母亲沙拉碧 Sarabi', '阿尔法·伍达德 阿尔法·伍达德', 'movieFile/p1422444822.86.jpg', '26884354', 1);
INSERT INTO `m_movie_performer` VALUES ('1212985613660647426', '饰 Elsa Korr', '托马辛·麦肯齐 托马辛·麦肯齐', 'movieFile/p1568812272.92.jpg', '30170546', 1);
INSERT INTO `m_movie_performer` VALUES ('1212985613669036033', '饰 琳达 Linda Robinson', '杰米·李·柯蒂斯 杰米·李·柯蒂斯', 'movieFile/p8819.jpg', '30318116', 1);
INSERT INTO `m_movie_performer` VALUES ('1212985613702590465', '饰 陈念', '周冬雨 周冬雨', 'movieFile/p1481224850.68.jpg', '30166972', 1);
INSERT INTO `m_movie_performer` VALUES ('1212985613706784769', '导演', '昆汀·塔伦蒂诺 昆汀·塔伦蒂诺', 'movieFile/p10798.jpg', '27087724', 1);
INSERT INTO `m_movie_performer` VALUES ('1212985613778087937', '饰 张驰', '沈腾 沈腾', 'movieFile/p1533527370.41.jpg', '30163509', 1);
INSERT INTO `m_movie_performer` VALUES ('1212985613794865154', '配 胡迪 Woody', '汤姆·汉克斯 汤姆·汉克斯', 'movieFile/p28603.jpg', '6850547', 1);
INSERT INTO `m_movie_performer` VALUES ('1212985613799059458', '饰 小北 / 刘北山', '易烊千玺 易烊千玺', 'movieFile/p1507879990.66.jpg', '30166972', 1);
INSERT INTO `m_movie_performer` VALUES ('1212985613799059459', '配 老狮王木法沙 Mufasa', '詹姆斯·厄尔·琼斯 詹姆斯·厄尔·琼斯', 'movieFile/p1490091638.27.jpg', '26884354', 1);
INSERT INTO `m_movie_performer` VALUES ('1212985613799059460', '饰 杰克 Jack Bressler', '迈克尔·珊农 迈克尔·珊农', 'movieFile/p57057.jpg', '30318116', 1);
INSERT INTO `m_movie_performer` VALUES ('1212985613853585409', '饰 郑大贤', '孔侑 孔侑', 'movieFile/p1397060788.93.jpg', '30327842', 1);
INSERT INTO `m_movie_performer` VALUES ('1212985613920694273', '编剧', '彭可欣 彭可欣', 'movieFile/celebrity-default-medium.png', '26709258', 1);
INSERT INTO `m_movie_performer` VALUES ('1212985613950054402', '饰 林臻东', '黄景瑜 黄景瑜', 'movieFile/p1515637640.69.jpg', '30163509', 1);
INSERT INTO `m_movie_performer` VALUES ('1212985613950054403', '饰 美淑', '金美京 金美京', 'movieFile/p32064.jpg', '30327842', 1);
INSERT INTO `m_movie_performer` VALUES ('1212985613979414529', '饰 郑易', '尹昉 尹昉', 'movieFile/p1410869351.19.jpg', '30166972', 1);
INSERT INTO `m_movie_performer` VALUES ('1212985614063300609', '饰 恩英', '孔敏晶 孔敏晶', 'movieFile/p1517211952.75.jpg', '30327842', 1);
INSERT INTO `m_movie_performer` VALUES ('1212985614071689218', '饰 Rosie Betzler', '斯嘉丽·约翰逊 斯嘉丽·约翰逊', 'movieFile/p37050.jpg', '30170546', 1);
INSERT INTO `m_movie_performer` VALUES ('1212985614071689219', '配 巴斯光年 Buzz Lightyear', '蒂姆·艾伦 蒂姆·艾伦', 'movieFile/p6409.jpg', '6850547', 1);
INSERT INTO `m_movie_performer` VALUES ('1212985614092660738', '饰 Rick Dalton', '莱昂纳多·迪卡普里奥 莱昂纳多·迪卡普里奥', 'movieFile/p470.jpg', '27087724', 1);
INSERT INTO `m_movie_performer` VALUES ('1212985614117826562', '饰 魏莱', '周也 周也', 'movieFile/p1561033272.7.jpg', '30166972', 1);
INSERT INTO `m_movie_performer` VALUES ('1212985614126215169', '饰 孙宇强', '尹正 尹正', 'movieFile/p1473419503.28.jpg', '30163509', 1);
INSERT INTO `m_movie_performer` VALUES ('1212985614151380993', '配 刀疤 Scar', '切瓦特·埃加福 切瓦特·埃加福', 'movieFile/p9322.jpg', '26884354', 1);
INSERT INTO `m_movie_performer` VALUES ('1212985614218489858', '饰 周蕾', '吴越 吴越', 'movieFile/p40215.jpg', '30166972', 1);
INSERT INTO `m_movie_performer` VALUES ('1212985614260432898', '饰 记星', '张本煜 张本煜', 'movieFile/p1491214805.4.jpg', '30163509', 1);
INSERT INTO `m_movie_performer` VALUES ('1212985614302375938', '配 卡马利 Kamari', '科甘-迈克尔·凯 科甘-迈克尔·凯', 'movieFile/p1433487259.19.jpg', '26884354', 1);
INSERT INTO `m_movie_performer` VALUES ('1212985614390456321', '饰 金组长', '朴成妍 朴成妍', 'movieFile/p1527242352.83.jpg', '30327842', 1);
INSERT INTO `m_movie_performer` VALUES ('1212985614403039234', '配 牧羊女 Bo Peep', '安妮·波茨 安妮·波茨', 'movieFile/p1397621158.92.jpg', '6850547', 1);
INSERT INTO `m_movie_performer` VALUES ('1212985614436593666', '饰 洪阔', '尹昉 尹昉', 'movieFile/p1410869351.19.jpg', '30163509', 1);
INSERT INTO `m_movie_performer` VALUES ('1212985614516285441', '饰 Adolf Hitler', '塔伊加·维迪提 塔伊加·维迪提', 'movieFile/p1423172662.31.jpg', '30170546', 1);
INSERT INTO `m_movie_performer` VALUES ('1212985614524674049', '饰 Cliff Booth', '布拉德·皮特 布拉德·皮特', 'movieFile/p39053.jpg', '27087724', 1);
INSERT INTO `m_movie_performer` VALUES ('1212985614591782913', '配 叉叉 Forky', '托尼·海尔 托尼·海尔', 'movieFile/p13907.jpg', '6850547', 1);
INSERT INTO `m_movie_performer` VALUES ('1212985614684057601', '饰 Captain Klenzendorf', '山姆·洛克威尔 山姆·洛克威尔', 'movieFile/p1533802988.44.jpg', '30170546', 1);
INSERT INTO `m_movie_performer` VALUES ('1212985614780526594', '配 达鸭 Ducky', '科甘-迈克尔·凯 科甘-迈克尔·凯', 'movieFile/p1433487259.19.jpg', '6850547', 1);
INSERT INTO `m_movie_performer` VALUES ('1212985614965075969', '饰 Sharon Tate', '玛格特·罗比 玛格特·罗比', 'movieFile/p1389939796.3.jpg', '27087724', 1);
INSERT INTO `m_movie_performer` VALUES ('1212985615120265217', '饰 Jay Sebring', '埃米尔·赫斯基 埃米尔·赫斯基', 'movieFile/p1375191645.46.jpg', '27087724', 1);
INSERT INTO `m_movie_performer` VALUES ('1212985615610998786', '饰 Pussycat', '玛格丽特·库里 玛格丽特·库里', 'movieFile/p1414917998.81.jpg', '27087724', 1);
INSERT INTO `m_movie_performer` VALUES ('1212985624335151105', '导演', '许仁茂 许仁茂', 'movieFile/p1407463286.44.jpg', '27615267', 1);
INSERT INTO `m_movie_performer` VALUES ('1212985624377094145', '演员', '绫濑遥 绫濑遥', 'movieFile/p20694.jpg', '34930761', 1);
INSERT INTO `m_movie_performer` VALUES ('1212985624557449218', '演员', '樱井翔 樱井翔', 'movieFile/p969.jpg', '34930761', 1);
INSERT INTO `m_movie_performer` VALUES ('1212985624708444163', '演员', '罗文姬 罗文姬', 'movieFile/p5323.jpg', '27615267', 1);
INSERT INTO `m_movie_performer` VALUES ('1212985624741998594', '演员', '内村光良 内村光良', 'movieFile/p1368854270.38.jpg', '34930761', 1);
INSERT INTO `m_movie_performer` VALUES ('1212985624863633409', '导演', '王昱 王昱', 'movieFile/p37635.jpg', '26762744', 1);
INSERT INTO `m_movie_performer` VALUES ('1212985624943325186', '导演', '乔恩·卢卡斯 乔恩·卢卡斯', 'movieFile/p1379493506.46.jpg', '30432964', 1);
INSERT INTO `m_movie_performer` VALUES ('1212985624960102402', '演员', '菅田将晖 菅田将晖', 'movieFile/p1529558774.07.jpg', '34930761', 1);
INSERT INTO `m_movie_performer` VALUES ('1212985625010434049', '导演', '罗伯特·艾格斯 罗伯特·艾格斯', 'movieFile/pEQWDSJXXb1wcel_avatar_uploaded1440030022.88.jpg', '30143336', 1);
INSERT INTO `m_movie_performer` VALUES ('1212985625018822658', '导演', '迈克尔·贝 迈克尔·贝', 'movieFile/p319.jpg', '30163500', 1);
INSERT INTO `m_movie_performer` VALUES ('1212985625064960002', '导演', '伍迪·艾伦 伍迪·艾伦', 'movieFile/p607.jpg', '27089612', 1);
INSERT INTO `m_movie_performer` VALUES ('1212985625077542914', '演员', '王千源 王千源', 'movieFile/p1445948736.67.jpg', '26762744', 1);
INSERT INTO `m_movie_performer` VALUES ('1212985625085931522', '导演', '詹姆斯·格雷 詹姆斯·格雷', 'movieFile/p1550134750.85.jpg', '24716039', 1);
INSERT INTO `m_movie_performer` VALUES ('1212985625136263170', '导演', '徐磊 徐磊', 'movieFile/pBPYZsa4sODAcel_avatar_uploaded1556382924.88.jpg', '33400376', 1);
INSERT INTO `m_movie_performer` VALUES ('1212985625153040386', '演员', '金秀安 金秀安', 'movieFile/p1503230843.81.jpg', '27615267', 1);
INSERT INTO `m_movie_performer` VALUES ('1212985625165623298', '导演', '马特·贝蒂内利-奥尔平 马特·贝蒂内利-奥尔平', 'movieFile/p1557279675.91.jpg', '27594938', 1);
INSERT INTO `m_movie_performer` VALUES ('1212985625165623299', '饰 Thomas Wake', '威廉·达福 威廉·达福', 'movieFile/p47945.jpg', '30143336', 1);
INSERT INTO `m_movie_performer` VALUES ('1212985625174011905', '导演', '董润年 董润年', 'movieFile/p1371470042.28.jpg', '30394535', 1);
INSERT INTO `m_movie_performer` VALUES ('1212985625236926467', '饰 One', '瑞恩·雷诺兹 瑞恩·雷诺兹', 'movieFile/p48608.jpg', '30163500', 1);
INSERT INTO `m_movie_performer` VALUES ('1212985625245315073', '演员', '宋佳 宋佳', 'movieFile/p1454656520.65.jpg', '26762744', 1);
INSERT INTO `m_movie_performer` VALUES ('1212985625274675202', '导演', '王子逸 王子逸', 'movieFile/p1548645437.31.jpg', '30390144', 1);
INSERT INTO `m_movie_performer` VALUES ('1212985625287258114', '饰 超英', '徐朝英 徐朝英', 'movieFile/p1571630868.14.jpg', '33400376', 1);
INSERT INTO `m_movie_performer` VALUES ('1212985625287258115', '导演', '李元泰 李元泰', 'movieFile/p1510732950.0.jpg', '30211551', 1);
INSERT INTO `m_movie_performer` VALUES ('1212985625291452417', '饰 Ephraim Winslow', '罗伯特·帕丁森 罗伯特·帕丁森', 'movieFile/p1393581607.45.jpg', '30143336', 1);
INSERT INTO `m_movie_performer` VALUES ('1212985625299841026', '导演', '泰勒·吉勒特 泰勒·吉勒特', 'movieFile/p1557279722.95.jpg', '27594938', 1);
INSERT INTO `m_movie_performer` VALUES ('1212985625299841027', '饰 武文学', '黄渤 黄渤', 'movieFile/p1656.jpg', '30394535', 1);
INSERT INTO `m_movie_performer` VALUES ('1212985625299841028', '饰 Gatsby Welles', '蒂莫西·柴勒梅德 蒂莫西·柴勒梅德', 'movieFile/p1485256351.47.jpg', '27089612', 1);
INSERT INTO `m_movie_performer` VALUES ('1212985625341784065', '导演', '迈克尔·恩格勒 迈克尔·恩格勒', 'movieFile/p1498283326.09.jpg', '27002635', 1);
INSERT INTO `m_movie_performer` VALUES ('1212985625350172673', '演员', '千禹熙 千禹熙', 'movieFile/p1469335050.89.jpg', '27615267', 1);
INSERT INTO `m_movie_performer` VALUES ('1212985625358561281', '导演', '李安 李安', 'movieFile/p595.jpg', '3097572', 1);
INSERT INTO `m_movie_performer` VALUES ('1212985625375338497', '演员', '冯远征 冯远征', 'movieFile/p1381744526.75.jpg', '26762744', 1);
INSERT INTO `m_movie_performer` VALUES ('1212985625379532802', '演员', '星野源 星野源', 'movieFile/p1477473975.3.jpg', '34930761', 1);
INSERT INTO `m_movie_performer` VALUES ('1212985625379532803', '导演', '李骏 李骏', 'movieFile/p1573458909.07.jpg', '25747204', 1);
INSERT INTO `m_movie_performer` VALUES ('1212985625413087234', '饰 Grace', '萨玛拉·维文 萨玛拉·维文', 'movieFile/p1522809217.05.jpg', '27594938', 1);
INSERT INTO `m_movie_performer` VALUES ('1212985625417281537', '饰 碧莉 Billi', '奥卡菲娜 奥卡菲娜', 'movieFile/p1470844061.15.jpg', '30390144', 1);
INSERT INTO `m_movie_performer` VALUES ('1212985625429864450', '导演', '刘伟强 刘伟强', 'movieFile/p1403267018.07.jpg', '30295905', 1);
INSERT INTO `m_movie_performer` VALUES ('1212985625429864451', '饰 张东秀', '马东锡 马东锡', 'movieFile/p1372317937.35.jpg', '30211551', 1);
INSERT INTO `m_movie_performer` VALUES ('1212985625450835970', '饰 李楠', '王珞丹 王珞丹', 'movieFile/p1565157781.98.jpg', '30394535', 1);
INSERT INTO `m_movie_performer` VALUES ('1212985625459224577', '饰 占义', '张占义 张占义', 'movieFile/p1571630905.29.jpg', '33400376', 1);
INSERT INTO `m_movie_performer` VALUES ('1212985625488584706', '饰 Lady Mary Crawley', '米歇尔·道克瑞 米歇尔·道克瑞', 'movieFile/p42335.jpg', '27002635', 1);
INSERT INTO `m_movie_performer` VALUES ('1212985625517944833', '导演', '费尔南多·梅里尔斯 费尔南多·梅里尔斯', 'movieFile/p1509339002.97.jpg', '27132510', 1);
INSERT INTO `m_movie_performer` VALUES ('1212985625547304962', '饰 罗伊·麦克布莱德 Roy McBride', '布拉德·皮特 布拉德·皮特', 'movieFile/p39053.jpg', '24716039', 1);
INSERT INTO `m_movie_performer` VALUES ('1212985625551499265', '演员', '金美优 金美优', 'movieFile/pCU97NlKuVyMcel_avatar_uploaded1537812754.58.jpg', '27615267', 1);
INSERT INTO `m_movie_performer` VALUES ('1212985625555693570', '导演', '田中亮 田中亮', 'movieFile/p1526193660.71.jpg', '30241102', 1);
INSERT INTO `m_movie_performer` VALUES ('1212985625555693571', '饰 万正纲', '范伟 范伟', 'movieFile/p1511362485.44.jpg', '25747204', 1);
INSERT INTO `m_movie_performer` VALUES ('1212985625559887874', '演员', '李九霄 李九霄', 'movieFile/p1455529297.04.jpg', '26762744', 1);
INSERT INTO `m_movie_performer` VALUES ('1212985625580859395', '导演', '西蒙·柯蒂斯 西蒙·柯蒂斯', 'movieFile/p39412.jpg', '3882427', 1);
INSERT INTO `m_movie_performer` VALUES ('1212985625580859396', '演员', '米津玄师 米津玄师', 'movieFile/pxcTjb5x3tvocel_avatar_uploaded1553090743.39.jpg', '34930761', 1);
INSERT INTO `m_movie_performer` VALUES ('1212985625580859397', '饰 机长刘长健', '张涵予 张涵予', 'movieFile/p49047.jpg', '30295905', 1);
INSERT INTO `m_movie_performer` VALUES ('1212985625580859398', '饰 Four', '本·哈迪 本·哈迪', 'movieFile/p1548177691.13.jpg', '30163500', 1);
INSERT INTO `m_movie_performer` VALUES ('1212985625626996738', '饰 Robert Crawley, Earl of Grantham', '休·博纳维尔 休·博纳维尔', 'movieFile/p1416053013.86.jpg', '27002635', 1);
INSERT INTO `m_movie_performer` VALUES ('1212985625626996739', '饰 Becky', '安迪·麦克道威尔 安迪·麦克道威尔', 'movieFile/p8087.jpg', '27594938', 1);
INSERT INTO `m_movie_performer` VALUES ('1212985625631191042', '饰 海燕', '马泰 马泰', 'movieFile/p1562643032.17.jpg', '30390144', 1);
INSERT INTO `m_movie_performer` VALUES ('1212985625643773953', '饰 Mermaid', '瓦莱丽娅·卡拉曼 瓦莱丽娅·卡拉曼', 'movieFile/p_80GUaYan1Ecel_avatar_uploaded1572238848.71.jpg', '30143336', 1);
INSERT INTO `m_movie_performer` VALUES ('1212985625673134081', '导演', '佩德罗·阿莫多瓦 佩德罗·阿莫多瓦', 'movieFile/p719.jpg', '30198539', 1);
INSERT INTO `m_movie_performer` VALUES ('1212985625673134082', '导演', '瑟琳·席安玛 瑟琳·席安玛', 'movieFile/p33118.jpg', '30257175', 1);
INSERT INTO `m_movie_performer` VALUES ('1212985625681522689', '饰 树河', '宿树河 宿树河', 'movieFile/p1571630919.67.jpg', '33400376', 1);
INSERT INTO `m_movie_performer` VALUES ('1212985625685716994', '演员', '何沄伟 何沄伟', 'movieFile/p1363257528.25.jpg', '26762744', 1);
INSERT INTO `m_movie_performer` VALUES ('1212985625685716995', '演员', '高圭弼 高圭弼', 'movieFile/p1554523133.64.jpg', '27615267', 1);
INSERT INTO `m_movie_performer` VALUES ('1212985625685716996', '饰 达子', '长泽雅美 长泽雅美', 'movieFile/p1483767998.76.jpg', '30241102', 1);
INSERT INTO `m_movie_performer` VALUES ('1212985625710882818', '饰 克利福德·麦克布莱德 Clifford McBride', '汤米·李·琼斯 汤米·李·琼斯', 'movieFile/p259.jpg', '24716039', 1);
INSERT INTO `m_movie_performer` VALUES ('1212985625710882819', '饰 Ashleigh Enright', '艾丽·范宁 艾丽·范宁', 'movieFile/p13832.jpg', '27089612', 1);
INSERT INTO `m_movie_performer` VALUES ('1212985625710882820', '饰 亨利·布罗根 / 小克 Henry Brogan / Junior', '威尔·史密斯 威尔·史密斯', 'movieFile/p41483.jpg', '3097572', 1);
INSERT INTO `m_movie_performer` VALUES ('1212985625903820801', '饰 郑泰锡', '金武烈 金武烈', 'movieFile/p1372302890.42.jpg', '30211551', 1);
INSERT INTO `m_movie_performer` VALUES ('1212985625903820802', '导演', '本·萨弗迪 本·萨弗迪', 'movieFile/p1544062299.23.jpg', '27045860', 1);
INSERT INTO `m_movie_performer` VALUES ('1212985625903820803', '导演', '李仁港 李仁港', 'movieFile/p11494.jpg', '30413052', 1);
INSERT INTO `m_movie_performer` VALUES ('1212985625916403714', '饰 Cora Crawley, Countess of Grantham', '伊丽莎白·麦戈文 伊丽莎白·麦戈文', 'movieFile/p35454.jpg', '27002635', 1);
INSERT INTO `m_movie_performer` VALUES ('1212985625933180929', '编剧', '马克斯·艾格斯 马克斯·艾格斯', 'movieFile/p1571371381.74.jpg', '30143336', 1);
INSERT INTO `m_movie_performer` VALUES ('1212985625970929665', '饰 副驾驶徐奕辰', '欧豪 欧豪', 'movieFile/p1571304331.58.jpg', '30295905', 1);
INSERT INTO `m_movie_performer` VALUES ('1212985625979318274', '饰 张燕', '谭卓 谭卓', 'movieFile/has_douban@2x.png', '30394535', 1);
INSERT INTO `m_movie_performer` VALUES ('1212985626012872706', '总制片', '张苗 张苗', 'movieFile/p1557826503.56.jpg', '33400376', 1);
INSERT INTO `m_movie_performer` VALUES ('1212985626038038530', '饰 小少爷', '东出昌大 东出昌大', 'movieFile/p1383841119.5.jpg', '30241102', 1);
INSERT INTO `m_movie_performer` VALUES ('1212985626046427137', '饰 Alex Le Domas', '马克·奥布莱恩 马克·奥布莱恩', 'movieFile/p1398791920.7.jpg', '27594938', 1);
INSERT INTO `m_movie_performer` VALUES ('1212985626063204354', '饰 陆建', '林晓杰 林晓杰', 'movieFile/p1488332519.59.jpg', '30390144', 1);
INSERT INTO `m_movie_performer` VALUES ('1212985626100953090', '导演', '斯科特·摩尔 斯科特·摩尔', 'movieFile/p1490166283.39.jpg', '30432964', 1);
INSERT INTO `m_movie_performer` VALUES ('1212985626100953091', '饰 Pope Benedict', '安东尼·霍普金斯 安东尼·霍普金斯', 'movieFile/p19182.jpg', '27132510', 1);
INSERT INTO `m_movie_performer` VALUES ('1212985626100953092', '饰 方五洲', '吴京 吴京', 'movieFile/p1501738155.24.jpg', '30413052', 1);
INSERT INTO `m_movie_performer` VALUES ('1212985626109341697', '饰 邵宽城', '宋洋 宋洋', 'movieFile/has_douban@2x.png', '25747204', 1);
INSERT INTO `m_movie_performer` VALUES ('1212985626109341698', '饰 Marianne', '诺米·梅兰特 诺米·梅兰特', 'movieFile/pKd6lC3ShfXgcel_avatar_uploaded1452346073.55.jpg', '30257175', 1);
INSERT INTO `m_movie_performer` VALUES ('1212985626113536002', '饰 丹妮·扎卡沃斯基 Danny Zakarweski', '玛丽·伊丽莎白·温斯特德 玛丽·伊丽莎白·温斯特德', 'movieFile/p1570850481.29.jpg', '3097572', 1);
INSERT INTO `m_movie_performer` VALUES ('1212985626113536003', '导演', '约书亚·萨弗迪 约书亚·萨弗迪', 'movieFile/p1441917124.78.jpg', '27045860', 1);
INSERT INTO `m_movie_performer` VALUES ('1212985626121924611', '饰 姜敬浩', '金成圭 金成圭', 'movieFile/p1533236398.64.jpg', '30211551', 1);
INSERT INTO `m_movie_performer` VALUES ('1212985626121924612', '饰 海伦 Helen Lantos', '鲁丝·内伽 鲁丝·内伽', 'movieFile/p1484118265.7.jpg', '24716039', 1);
INSERT INTO `m_movie_performer` VALUES ('1212985626134507521', '饰 Chan Tyrell', '赛琳娜·戈麦斯 赛琳娜·戈麦斯', 'movieFile/p1506866168.38.jpg', '27089612', 1);
INSERT INTO `m_movie_performer` VALUES ('1212985626138701825', '饰 Violet Crawley, Dowager Countess of Grantham', '玛吉·史密斯 玛吉·史密斯', 'movieFile/p4208.jpg', '27002635', 1);
INSERT INTO `m_movie_performer` VALUES ('1212985626176450561', '导演', '吕克·贝松 吕克·贝松', 'movieFile/p33301.jpg', '27166976', 1);
INSERT INTO `m_movie_performer` VALUES ('1212985626184839169', '饰 第二机长梁栋', '杜江 杜江', 'movieFile/p1502100680.45.jpg', '30295905', 1);
INSERT INTO `m_movie_performer` VALUES ('1212985626193227778', '导演', '詹姆斯·曼高德 詹姆斯·曼高德', 'movieFile/p1541233748.99.jpg', '6538866', 1);
INSERT INTO `m_movie_performer` VALUES ('1212985626201616386', '饰 Salvador Mallo', '安东尼奥·班德拉斯 安东尼奥·班德拉斯', 'movieFile/p8832.jpg', '30198539', 1);
INSERT INTO `m_movie_performer` VALUES ('1212985626218393601', '导演', '王小帅 王小帅', 'movieFile/has_douban@2x.png', '26715636', 1);
INSERT INTO `m_movie_performer` VALUES ('1212985626222587905', '配 Enzo', '凯文·科斯特纳 凯文·科斯特纳', 'movieFile/p34511.jpg', '3882427', 1);
INSERT INTO `m_movie_performer` VALUES ('1212985626239365122', '饰 Two', '梅拉尼·罗兰 梅拉尼·罗兰', 'movieFile/p13603.jpg', '30163500', 1);
INSERT INTO `m_movie_performer` VALUES ('1212985626428108802', '总导演', '陈凯歌 陈凯歌', 'movieFile/p1451727734.81.jpg', '32659890', 1);
INSERT INTO `m_movie_performer` VALUES ('1212985626444886018', '导演', '宁浩 宁浩', 'movieFile/p1542982906.61.jpg', '25986662', 1);
INSERT INTO `m_movie_performer` VALUES ('1212985626545549313', '导演', '张一白 张一白', 'movieFile/p1522307931.05.jpg', '32659890', 1);
INSERT INTO `m_movie_performer` VALUES ('1212985626583298049', '导演', '黄家康 黄家康', 'movieFile/p1547187379.37.jpg', '30331149', 1);
INSERT INTO `m_movie_performer` VALUES ('1212985626637824002', '饰 林治远', '黄渤 黄渤', 'movieFile/p1656.jpg', '32659890', 1);
INSERT INTO `m_movie_performer` VALUES ('1212985626692349954', '导演', '赵霁 赵霁', 'movieFile/p1537807088.34.jpg', '30331149', 1);
INSERT INTO `m_movie_performer` VALUES ('1212985626809790465', '饰 高远', '张译 张译', 'movieFile/p1489386626.47.jpg', '32659890', 1);
INSERT INTO `m_movie_performer` VALUES ('1212985627086614530', '导演', '诺亚·鲍姆巴赫 诺亚·鲍姆巴赫', 'movieFile/p2530.jpg', '27202818', 1);
INSERT INTO `m_movie_performer` VALUES ('1212985627099197441', '配 小白 Blanca', '张喆 张喆', 'movieFile/p1547612579.3.jpg', '30331149', 1);
INSERT INTO `m_movie_performer` VALUES ('1212985627162112001', '饰 冬冬（童年）', '韩昊霖 韩昊霖', 'movieFile/p1530511761.13.jpg', '32659890', 1);
INSERT INTO `m_movie_performer` VALUES ('1212985627233415169', '导演', '奉俊昊 奉俊昊', 'movieFile/p1388466418.95.jpg', '27010768', 1);
INSERT INTO `m_movie_performer` VALUES ('1212985627241803777', '配 阿宣 Xuan', '杨天翔 杨天翔', 'movieFile/p1547612653.46.jpg', '30331149', 1);
INSERT INTO `m_movie_performer` VALUES ('1212985627283746818', '饰 朱涛', '杜江 杜江', 'movieFile/p1502100680.45.jpg', '32659890', 1);
INSERT INTO `m_movie_performer` VALUES ('1212985627359244289', '饰 金基泽', '宋康昊 宋康昊', 'movieFile/p345.jpg', '27010768', 1);
INSERT INTO `m_movie_performer` VALUES ('1212985627438936065', '导演', '郭帆 郭帆', 'movieFile/p1536678787.83.jpg', '26266893', 1);
INSERT INTO `m_movie_performer` VALUES ('1212985627438936066', '导演', '马丁·斯科塞斯 马丁·斯科塞斯', 'movieFile/p601.jpg', '6981153', 1);
INSERT INTO `m_movie_performer` VALUES ('1212985627468296194', '导演', '安东尼·罗素 安东尼·罗素', 'movieFile/p1555672594.77.jpg', '26100958', 1);
INSERT INTO `m_movie_performer` VALUES ('1212985627468296195', '饰 朴社长', '李善均 李善均', 'movieFile/p1420856536.86.jpg', '27010768', 1);
INSERT INTO `m_movie_performer` VALUES ('1212985627514433537', '饰 Nicole', '斯嘉丽·约翰逊 斯嘉丽·约翰逊', 'movieFile/p37050.jpg', '27202818', 1);
INSERT INTO `m_movie_performer` VALUES ('1212985627623485442', '饰 Charlie', '亚当·德赖弗 亚当·德赖弗', 'movieFile/p1452758257.45.jpg', '27202818', 1);
INSERT INTO `m_movie_performer` VALUES ('1212985627652845569', '配 小青 Verta', '唐小喜 唐小喜', 'movieFile/p1547612764.72.jpg', '30331149', 1);
INSERT INTO `m_movie_performer` VALUES ('1212985627808034817', '导演', '乔·罗素 乔·罗素', 'movieFile/has_douban@2x.png', '26100958', 1);
INSERT INTO `m_movie_performer` VALUES ('1212985627837394946', '配 蛇母 Snake Master', '刘薇 刘薇', 'movieFile/p1575888096.39.jpg', '30331149', 1);
INSERT INTO `m_movie_performer` VALUES ('1212985627891920898', '饰 朴太太', '赵汝贞 赵汝贞', 'movieFile/p1352683186.23.jpg', '27010768', 1);
INSERT INTO `m_movie_performer` VALUES ('1212985627891920899', '饰 刘启 / 户口', '屈楚萧 屈楚萧', 'movieFile/p1533348792.03.jpg', '26266893', 1);
INSERT INTO `m_movie_performer` VALUES ('1212985627908698114', '饰 Frank Sheeran', '罗伯特·德尼罗 罗伯特·德尼罗', 'movieFile/p47221.jpg', '6981153', 1);
INSERT INTO `m_movie_performer` VALUES ('1212985627984195586', '饰 钢铁侠 Tony Stark / Iron Man', '小罗伯特·唐尼 小罗伯特·唐尼', 'movieFile/p56339.jpg', '26100958', 1);
INSERT INTO `m_movie_performer` VALUES ('1212985627992584194', '饰 刘培强', '吴京 吴京', 'movieFile/p1501738155.24.jpg', '26266893', 1);
INSERT INTO `m_movie_performer` VALUES ('1212985628005167106', '饰 Jimmy Hoffa', '阿尔·帕西诺 阿尔·帕西诺', 'movieFile/p645.jpg', '6981153', 1);
INSERT INTO `m_movie_performer` VALUES ('1212985628017750017', '饰 Cassie', '梅里特·韦弗 梅里特·韦弗', 'movieFile/p1466230850.62.jpg', '27202818', 1);
INSERT INTO `m_movie_performer` VALUES ('1212985628047110145', '饰 金基宇', '崔宇植 崔宇植', 'movieFile/p1565247258.77.jpg', '27010768', 1);
INSERT INTO `m_movie_performer` VALUES ('1212985628114219010', '饰 Russell Bufalino', '乔·佩西 乔·佩西', 'movieFile/p1427205662.96.jpg', '6981153', 1);
INSERT INTO `m_movie_performer` VALUES ('1212985628185522177', '饰 Nora Fanshaw', '劳拉·邓恩 劳拉·邓恩', 'movieFile/p1426959690.18.jpg', '27202818', 1);
INSERT INTO `m_movie_performer` VALUES ('1212985628252631042', '饰 美国队长 Steve Rogers / Captain America', '克里斯·埃文斯 克里斯·埃文斯', 'movieFile/p1359877729.49.jpg', '26100958', 1);
INSERT INTO `m_movie_performer` VALUES ('1212985628252631043', '饰 Peggy Sheeran', '安娜·帕奎因 安娜·帕奎因', 'movieFile/p27448.jpg', '6981153', 1);
INSERT INTO `m_movie_performer` VALUES ('1212985628269408258', '饰 金基婷', '朴素丹 朴素丹', 'movieFile/p1444564728.28.jpg', '27010768', 1);
INSERT INTO `m_movie_performer` VALUES ('1212985628315545602', '饰 王磊', '李光洁 李光洁', 'movieFile/has_douban@2x.png', '26266893', 1);
INSERT INTO `m_movie_performer` VALUES ('1212985628361682945', '饰 Chuckie O\'Brien', '杰西·普莱蒙 杰西·普莱蒙', 'movieFile/p1477302573.96.jpg', '6981153', 1);
INSERT INTO `m_movie_performer` VALUES ('1212985628365877249', '饰 浩克 Bruce Banner / Hulk', '马克·鲁弗洛 马克·鲁弗洛', 'movieFile/p15885.jpg', '26100958', 1);
INSERT INTO `m_movie_performer` VALUES ('1212985628525260801', '饰 Jay', '雷·利奥塔 雷·利奥塔', 'movieFile/p1313.jpg', '27202818', 1);
INSERT INTO `m_movie_performer` VALUES ('1212985628747558914', '饰 韩子昂', '吴孟达 吴孟达', 'movieFile/p45481.jpg', '26266893', 1);
INSERT INTO `m_movie_performer` VALUES ('1212985628772724738', '饰 雷神 Thor', '克里斯·海姆斯沃斯 克里斯·海姆斯沃斯', 'movieFile/p1425725663.63.jpg', '26100958', 1);
INSERT INTO `m_movie_performer` VALUES ('1212985628864999425', '饰 韩朵朵', '赵今麦 赵今麦', 'movieFile/p1538313803.26.jpg', '26266893', 1);
INSERT INTO `m_movie_performer` VALUES ('1212985629041160193', '导演', '托德·菲利普斯 托德·菲利普斯', 'movieFile/p26845.jpg', '27119724', 1);
INSERT INTO `m_movie_performer` VALUES ('1212985629431230465', '饰 Arthur Fleck / Joker', '杰昆·菲尼克斯 杰昆·菲尼克斯', 'movieFile/p241.jpg', '27119724', 1);
INSERT INTO `m_movie_performer` VALUES ('1212985629980684289', '饰 Murray Franklin', '罗伯特·德尼罗 罗伯特·德尼罗', 'movieFile/p47221.jpg', '27119724', 1);
INSERT INTO `m_movie_performer` VALUES ('1212985630433669122', '饰 Ted Marco', '马克·马龙 马克·马龙', 'movieFile/p1404968819.83.jpg', '27119724', 1);
INSERT INTO `m_movie_performer` VALUES ('1212985630668550145', '饰 Sophie Dumond', '莎姬·贝兹 莎姬·贝兹', 'movieFile/p1489116013.79.jpg', '27119724', 1);
INSERT INTO `m_movie_performer` VALUES ('1212985630882459650', '饰 Detective Burke', '谢伊·惠格姆 谢伊·惠格姆', 'movieFile/p5637.jpg', '27119724', 1);
INSERT INTO `m_movie_performer` VALUES ('1212985638813888513', '饰 奶奶', '赵淑珍 赵淑珍', 'movieFile/p1494395260.66.jpg', '30390144', 1);
INSERT INTO `m_movie_performer` VALUES ('1212985638822277122', '饰 Daniel', '亚当·布罗迪 亚当·布罗迪', 'movieFile/p64.jpg', '27594938', 1);
INSERT INTO `m_movie_performer` VALUES ('1212985638834860034', '饰 筷子', '白客 白客', 'movieFile/p1486580233.56.jpg', '30394535', 1);
INSERT INTO `m_movie_performer` VALUES ('1212985638839054338', '饰 Phil', '亚当·德维尼 亚当·德维尼', 'movieFile/pyffxs1YuqEcel_avatar_uploaded1354834754.74.jpg', '30432964', 1);
INSERT INTO `m_movie_performer` VALUES ('1212985638872608770', '饰 Héloïse', '阿黛拉·哈内尔 阿黛拉·哈内尔', 'movieFile/p38435.jpg', '30257175', 1);
INSERT INTO `m_movie_performer` VALUES ('1212985638880997378', '饰 Pope Francis', '乔纳森·普雷斯 乔纳森·普雷斯', 'movieFile/p46727.jpg', '27132510', 1);
INSERT INTO `m_movie_performer` VALUES ('1212985638910357506', '饰 赵红雨', '焦俊艳 焦俊艳', 'movieFile/p1575955880.39.jpg', '25747204', 1);
INSERT INTO `m_movie_performer` VALUES ('1212985638952300546', '饰 Denny Swift', '米洛·文堤米利亚 米洛·文堤米利亚', 'movieFile/p1370509297.54.jpg', '3882427', 1);
INSERT INTO `m_movie_performer` VALUES ('1212985638956494849', '饰 Maud Bagshaw', '艾美达·斯丹顿 艾美达·斯丹顿', 'movieFile/p4237.jpg', '27002635', 1);
INSERT INTO `m_movie_performer` VALUES ('1212985638956494850', '饰 Howard Ratner', '亚当·桑德勒 亚当·桑德勒', 'movieFile/p28807.jpg', '27045860', 1);
INSERT INTO `m_movie_performer` VALUES ('1212985638969077761', '演员', '卢红 卢红', 'movieFile/p1575180801.95.jpg', '30390144', 1);
INSERT INTO `m_movie_performer` VALUES ('1212985638969077762', '饰 Cate', '亚历山德拉·希普 亚历山德拉·希普', 'movieFile/p1559997168.25.jpg', '30432964', 1);
INSERT INTO `m_movie_performer` VALUES ('1212985638977466369', '导演', '饺子 饺子', 'movieFile/p1547719747.9.jpg', '26794435', 1);
INSERT INTO `m_movie_performer` VALUES ('1212985638994243586', '饰 何晓芬', '黄璐 黄璐', 'movieFile/p1505062636.26.jpg', '30394535', 1);
INSERT INTO `m_movie_performer` VALUES ('1212985639015215106', '饰 La Comtesse', '瓦莱丽亚·戈利诺 瓦莱丽亚·戈利诺', 'movieFile/p22375.jpg', '30257175', 1);
INSERT INTO `m_movie_performer` VALUES ('1212985639086518273', '配 Jexi', '罗丝·伯恩 罗丝·伯恩', 'movieFile/p3186.jpg', '30432964', 1);
INSERT INTO `m_movie_performer` VALUES ('1212985639086518274', '饰 林白玉', '陈数 陈数', 'movieFile/p3337.jpg', '25747204', 1);
INSERT INTO `m_movie_performer` VALUES ('1212985639099101186', '饰 克雷·魏瑞斯 Clay Verris', '克里夫·欧文 克里夫·欧文', 'movieFile/p5321.jpg', '3097572', 1);
INSERT INTO `m_movie_performer` VALUES ('1212985639099101187', '饰 Ted Davidoff', '裘德·洛 裘德·洛', 'movieFile/p4952.jpg', '27089612', 1);
INSERT INTO `m_movie_performer` VALUES ('1212985639099101188', '饰 理查德', '小日向文世 小日向文世', 'movieFile/p1397500109.13.jpg', '30241102', 1);
INSERT INTO `m_movie_performer` VALUES ('1212985639115878401', '饰 Anna', '萨莎·露丝 萨莎·露丝', 'movieFile/p1507566906.52.jpg', '27166976', 1);
INSERT INTO `m_movie_performer` VALUES ('1212985639115878402', '配 儿童哪吒', '吕艳婷 吕艳婷', 'movieFile/p1564150860.79.jpg', '26794435', 1);
INSERT INTO `m_movie_performer` VALUES ('1212985639115878403', '饰 安浩峰', '刘承睦 刘承睦', 'movieFile/p1390064986.93.jpg', '30211551', 1);
INSERT INTO `m_movie_performer` VALUES ('1212985639128461314', '饰 耿浩', '黄渤 黄渤', 'movieFile/p1656.jpg', '25986662', 1);
INSERT INTO `m_movie_performer` VALUES ('1212985639128461315', '饰 Alberto Crespo', '阿谢尔·埃特塞安迪亚 阿谢尔·埃特塞安迪亚', 'movieFile/p45600.jpg', '30198539', 1);
INSERT INTO `m_movie_performer` VALUES ('1212985639136849921', '饰 徐缨', '章子怡 章子怡', 'movieFile/p1359895311.0.jpg', '30413052', 1);
INSERT INTO `m_movie_performer` VALUES ('1212985639162015746', '制片人', '陈俞杉 陈俞杉', 'movieFile/p1568173747.51.jpg', '33400376', 1);
INSERT INTO `m_movie_performer` VALUES ('1212985639170404353', '饰 托马斯 Thomas Pruitt', '唐纳德·萨瑟兰 唐纳德·萨瑟兰', 'movieFile/p47802.jpg', '24716039', 1);
INSERT INTO `m_movie_performer` VALUES ('1212985639170404354', '饰 卡罗尔·谢尔比', '马特·达蒙 马特·达蒙', 'movieFile/p620.jpg', '6538866', 1);
INSERT INTO `m_movie_performer` VALUES ('1212985639174598657', '饰 Five', '亚德里亚·霍纳 亚德里亚·霍纳', 'movieFile/p1529162386.1.jpg', '30163500', 1);
INSERT INTO `m_movie_performer` VALUES ('1212985639191375873', '饰 Craig', '罗恩·芬奇斯 罗恩·芬奇斯', 'movieFile/p1503896198.15.jpg', '30432964', 1);
INSERT INTO `m_movie_performer` VALUES ('1212985639203958786', '饰 乘务长毕男', '袁泉 袁泉', 'movieFile/p20770.jpg', '30295905', 1);
INSERT INTO `m_movie_performer` VALUES ('1212985639203958787', '饰 巴伦 Baron', '本尼迪克特·王 本尼迪克特·王', 'movieFile/p1479312329.56.jpg', '3097572', 1);
INSERT INTO `m_movie_performer` VALUES ('1212985639224930305', '饰 郎丽玉', '竹内结子 竹内结子', 'movieFile/p785.jpg', '30241102', 1);
INSERT INTO `m_movie_performer` VALUES ('1212985639229124610', '饰 刘耀军', '王景春 王景春', 'movieFile/p12560.jpg', '26715636', 1);
INSERT INTO `m_movie_performer` VALUES ('1212985639229124611', '饰 权五成', '崔民哲 崔民哲', 'movieFile/p1508350276.34.jpg', '30211551', 1);
INSERT INTO `m_movie_performer` VALUES ('1212985639245901825', '饰 李国梁', '井柏然 井柏然', 'movieFile/p1452260519.76.jpg', '30413052', 1);
INSERT INTO `m_movie_performer` VALUES ('1212985639271067649', '饰 Olga', '海伦·米伦 海伦·米伦', 'movieFile/p21169.jpg', '27166976', 1);
INSERT INTO `m_movie_performer` VALUES ('1212985639292039169', '配 少年哪吒', '囧森瑟夫 囧森瑟夫', 'movieFile/p1563583632.39.jpg', '26794435', 1);
INSERT INTO `m_movie_performer` VALUES ('1212985639308816386', '饰 乘务员黄佳', '张天爱 张天爱', 'movieFile/p1500480073.04.jpg', '30295905', 1);
INSERT INTO `m_movie_performer` VALUES ('1212985639333982209', '饰 肯·迈尔斯', '克里斯蒂安·贝尔 克里斯蒂安·贝尔', 'movieFile/p88.jpg', '6538866', 1);
INSERT INTO `m_movie_performer` VALUES ('1212985639354953730', '饰 Julia', '茱莉娅·福克斯 茱莉娅·福克斯', 'movieFile/p1576246212.32.jpg', '27045860', 1);
INSERT INTO `m_movie_performer` VALUES ('1212985639354953731', '饰 L\'élève atelier', '阿曼德·博兰格 阿曼德·博兰格', 'movieFile/pHsm9ZR5KGiccel_avatar_uploaded1446147251.82.jpg', '30257175', 1);
INSERT INTO `m_movie_performer` VALUES ('1212985639384313857', '饰 曲松林', '张译 张译', 'movieFile/p1489386626.47.jpg', '30413052', 1);
INSERT INTO `m_movie_performer` VALUES ('1212985639384313858', '饰 Alex Tchenkov', '卢克·伊万斯 卢克·伊万斯', 'movieFile/p36425.jpg', '27166976', 1);
INSERT INTO `m_movie_performer` VALUES ('1212985639422062593', '饰 Pope Francis Young', '胡安·米努欣 胡安·米努欣', 'movieFile/p1539131674.1.jpg', '27132510', 1);
INSERT INTO `m_movie_performer` VALUES ('1212985639426256898', '配 敖丙', '瀚墨 瀚墨', 'movieFile/p1563156886.49.jpg', '26794435', 1);
INSERT INTO `m_movie_performer` VALUES ('1212985639434645505', '饰 李·艾柯卡', '乔·博恩瑟 乔·博恩瑟', 'movieFile/p1355977509.14.jpg', '6538866', 1);
INSERT INTO `m_movie_performer` VALUES ('1212985639468199938', '饰 Kevin Garnett', '凯文·加内特 凯文·加内特', 'movieFile/p36136.jpg', '27045860', 1);
INSERT INTO `m_movie_performer` VALUES ('1212985639484977153', '饰 杨光', '胡歌 胡歌', 'movieFile/p1468487353.74.jpg', '30413052', 1);
INSERT INTO `m_movie_performer` VALUES ('1212985639484977154', '饰 大飞 / 沈腾飞', '沈腾 沈腾', 'movieFile/p1533527370.41.jpg', '25986662', 1);
INSERT INTO `m_movie_performer` VALUES ('1212985639493365761', '饰 杨锏', '余皑磊 余皑磊', 'movieFile/p51592.jpg', '25747204', 1);
INSERT INTO `m_movie_performer` VALUES ('1212985639493365762', '饰 Eve', '阿曼达·塞弗里德 阿曼达·塞弗里德', 'movieFile/p4902.jpg', '3882427', 1);
INSERT INTO `m_movie_performer` VALUES ('1212985639522725889', '饰 Francisco Vega', '迭戈·卢纳 迭戈·卢纳', 'movieFile/p36123.jpg', '27089612', 1);
INSERT INTO `m_movie_performer` VALUES ('1212985639547891713', '饰 Cardinal Hummes', '路易斯·尼科 路易斯·尼科', 'movieFile/p1475359350.37.jpg', '27132510', 1);
INSERT INTO `m_movie_performer` VALUES ('1212985639556280322', '配 李靖', '陈浩 陈浩', 'movieFile/p1564150837.59.jpg', '26794435', 1);
INSERT INTO `m_movie_performer` VALUES ('1212985639560474626', '饰 杰克·韦尔斯 Jack Willis', '道格拉斯·霍奇斯 道格拉斯·霍奇斯', 'movieFile/pJFI5G1Z3AqEcel_avatar_uploaded1361444117.81.jpg', '3097572', 1);
INSERT INTO `m_movie_performer` VALUES ('1212985639560474627', '饰 Six', '戴夫·弗兰科 戴夫·弗兰科', 'movieFile/p45182.jpg', '30163500', 1);
INSERT INTO `m_movie_performer` VALUES ('1212985639568863233', '饰 Lorraine Deavers', '金伯莉·伊丽丝 金伯莉·伊丽丝', 'movieFile/p27990.jpg', '24716039', 1);
INSERT INTO `m_movie_performer` VALUES ('1212985639581446146', '饰 Maxwell', '马丁·唐文 马丁·唐文', 'movieFile/p47615.jpg', '3882427', 1);
INSERT INTO `m_movie_performer` VALUES ('1212985639627583489', '饰 The Weeknd', '威肯 威肯', 'movieFile/p1480824989.89.jpg', '27045860', 1);
INSERT INTO `m_movie_performer` VALUES ('1212985639635972097', '饰 王丽云', '咏梅 咏梅', 'movieFile/p1469426474.73.jpg', '26715636', 1);
INSERT INTO `m_movie_performer` VALUES ('1212985639648555009', '饰 杰西', '三浦春马 三浦春马', 'movieFile/p1361850615.01.jpg', '30241102', 1);
INSERT INTO `m_movie_performer` VALUES ('1212985639661137922', '饰 约翰 John Stockton', '汤姆·派福瑞 汤姆·派福瑞', 'movieFile/p1490094314.69.jpg', '25986662', 1);
INSERT INTO `m_movie_performer` VALUES ('1212985639661137923', '配 殷夫人', '绿绮 绿绮', 'movieFile/p1563242123.95.jpg', '26794435', 1);
INSERT INTO `m_movie_performer` VALUES ('1212985639686303745', '饰 Don Kitch', '盖瑞·科尔 盖瑞·科尔', 'movieFile/p1559835076.16.jpg', '3882427', 1);
INSERT INTO `m_movie_performer` VALUES ('1212985639690498050', '饰 Federico Delgado', '莱昂纳多·斯巴拉格利亚 莱昂纳多·斯巴拉格利亚', 'movieFile/p51251.jpg', '30198539', 1);
INSERT INTO `m_movie_performer` VALUES ('1212985639736635393', '饰 沈茉莉', '齐溪 齐溪', 'movieFile/p43726.jpg', '26715636', 1);
INSERT INTO `m_movie_performer` VALUES ('1212985639740829698', '饰 Sophie', '卢安娜·巴杰拉米 卢安娜·巴杰拉米', 'movieFile/p14G1FSJnk-scel_avatar_uploaded1577393981.11.jpg', '30257175', 1);
INSERT INTO `m_movie_performer` VALUES ('1212985639770189825', '饰 扎克 Captain Zach Andrews', '马修·莫里森 马修·莫里森', 'movieFile/p21564.jpg', '25986662', 1);
INSERT INTO `m_movie_performer` VALUES ('1212985639782772738', '饰 Lenny Miller', '基里安·墨菲 基里安·墨菲', 'movieFile/p1440.jpg', '27166976', 1);
INSERT INTO `m_movie_performer` VALUES ('1212985639858270209', '饰 彼得·迈尔斯', '诺亚·尤佩 诺亚·尤佩', 'movieFile/p1468322372.42.jpg', '6538866', 1);
INSERT INTO `m_movie_performer` VALUES ('1212985639858270210', '饰 Mercedes', '诺拉·纳瓦斯 诺拉·纳瓦斯', 'movieFile/p44718.jpg', '30198539', 1);
INSERT INTO `m_movie_performer` VALUES ('1212985639887630338', '饰 Maud', '莱拉·阿波瓦 莱拉·阿波瓦', 'movieFile/pzdsh19_J6HAcel_avatar_uploaded1560615267.65.jpg', '27166976', 1);
INSERT INTO `m_movie_performer` VALUES ('1212985639929573377', '饰 徐总 / 外星人', '徐峥 徐峥', 'movieFile/p43738.jpg', '25986662', 1);
INSERT INTO `m_movie_performer` VALUES ('1212985639950544898', '饰 Madre', '胡丽叶塔·塞拉诺 胡丽叶塔·塞拉诺', 'movieFile/p1564024636.85.jpg', '30198539', 1);
INSERT INTO `m_movie_performer` VALUES ('1212985639992487938', '饰 亨利·福特二世夫人', '玛丽萨·佩特罗 玛丽萨·佩特罗', 'movieFile/p1552369123.57.jpg', '6538866', 1);
INSERT INTO `m_movie_performer` VALUES ('1212985640143482881', '饰 青年刘星', '王源 王源', 'movieFile/p1535447147.41.jpg', '26715636', 1);
INSERT INTO `m_movie_performer` VALUES ('1212985640281894914', '饰 Lisabetta', '克里斯蒂娜·巴尼加斯 克里斯蒂娜·巴尼加斯', 'movieFile/p1575936809.92.jpg', '27132510', 1);
INSERT INTO `m_movie_performer` VALUES ('1212985640294477825', '饰 沈浩', '杜江 杜江', 'movieFile/p1502100680.45.jpg', '26715636', 1);
INSERT INTO `m_movie_performer` VALUES ('1212985701237714945', '配 Klaus', 'J·K·西蒙斯 J·K·西蒙斯', 'movieFile/p44006.jpg', '26858510', 1);
INSERT INTO `m_movie_performer` VALUES ('1212985701380321282', '配 Jesper', '詹森·舒瓦兹曼 詹森·舒瓦兹曼', 'movieFile/p3145.jpg', '26858510', 1);
INSERT INTO `m_movie_performer` VALUES ('1212985701539704833', '配 Alva', '拉什达·琼斯 拉什达·琼斯', 'movieFile/p32735.jpg', '26858510', 1);
INSERT INTO `m_movie_performer` VALUES ('1212985701703282689', '配 Mrs. Krum', '琼·库萨克 琼·库萨克', 'movieFile/p1359461420.58.jpg', '26858510', 1);

-- ----------------------------
-- Table structure for m_recentry
-- ----------------------------
DROP TABLE IF EXISTS `m_recentry`;
CREATE TABLE `m_recentry`  (
  `id` varchar(255) CHARACTER SET utf8 COLLATE utf8_general_ci NOT NULL,
  `cover` varchar(255) CHARACTER SET utf8 COLLATE utf8_general_ci NOT NULL,
  `rate` varchar(255) CHARACTER SET utf8 COLLATE utf8_general_ci NOT NULL,
  `title` varchar(255) CHARACTER SET utf8 COLLATE utf8_general_ci NOT NULL,
  PRIMARY KEY (`id`) USING BTREE
) ENGINE = InnoDB CHARACTER SET = utf8 COLLATE = utf8_general_ci ROW_FORMAT = Dynamic;

-- ----------------------------
-- Records of m_recentry
-- ----------------------------
INSERT INTO `m_recentry` VALUES ('11443316', 'https://img3.doubanio.com/view/photo/s_ratio_poster/public/p2575693162.jpg', '7.6', '龙之谷：破晓奇兵');
INSERT INTO `m_recentry` VALUES ('1292063', 'https://img3.doubanio.com/view/photo/s_ratio_poster/public/p2578474613.jpg', '9.5', '美丽人生 La vita è bella');
INSERT INTO `m_recentry` VALUES ('22265687', 'https://img1.doubanio.com/view/photo/s_ratio_poster/public/p2575456458.jpg', '6.5', '星球大战9：天行者崛起 Star Wars: The Rise of Skywalker');
INSERT INTO `m_recentry` VALUES ('25887288', 'https://img3.doubanio.com/view/photo/s_ratio_poster/public/p2572847101.jpg', '7.3', '冰雪奇缘2 Frozen II');
INSERT INTO `m_recentry` VALUES ('26628382', 'https://img9.doubanio.com/view/photo/s_ratio_poster/public/p2576481506.jpg', '8.1', '小羊肖恩2：末日农场 Shaun the Sheep Movie: Farmageddon');
INSERT INTO `m_recentry` VALUES ('26765844', 'https://img3.doubanio.com/view/photo/s_ratio_poster/public/p2578215772.jpg', '暂无评分', '尼斯大冒险 Manou the Swift');
INSERT INTO `m_recentry` VALUES ('26786669', 'https://img3.doubanio.com/view/photo/s_ratio_poster/public/p2573582192.jpg', '7.8', '决战中途岛 Midway');
INSERT INTO `m_recentry` VALUES ('26850048', 'https://img3.doubanio.com/view/photo/s_ratio_poster/public/p2574878752.jpg', '暂无评分', '太空狗之月球大冒险 Space Dogs Adventure to the Moon');
INSERT INTO `m_recentry` VALUES ('26885074', 'https://img9.doubanio.com/view/photo/s_ratio_poster/public/p2577437186.jpg', '7.2', '叶问4：完结篇 葉問4');
INSERT INTO `m_recentry` VALUES ('26900949', 'https://img3.doubanio.com/view/photo/s_ratio_poster/public/p2579003693.jpg', '6.1', '天使陷落 Angel Has Fallen');
INSERT INTO `m_recentry` VALUES ('26984189', 'https://img3.doubanio.com/view/photo/s_ratio_poster/public/p2575892083.jpg', '8.8', '坂本龙一：终曲 Ryuichi Sakamoto: CODA');
INSERT INTO `m_recentry` VALUES ('27000084', 'https://img3.doubanio.com/view/photo/s_ratio_poster/public/p2577340942.jpg', '暂无评分', '变身特工 Spies in Disguise');
INSERT INTO `m_recentry` VALUES ('27002635', 'https://img1.doubanio.com/view/photo/s_ratio_poster/public/p2575400017.jpg', '8.2', '唐顿庄园 Downton Abbey');
INSERT INTO `m_recentry` VALUES ('30128985', 'https://img3.doubanio.com/view/photo/s_ratio_poster/public/p2575911093.jpg', '6.2', '勇敢者游戏2：再战巅峰 Jumanji: The Next Level');
INSERT INTO `m_recentry` VALUES ('30176393', 'https://img3.doubanio.com/view/photo/s_ratio_poster/public/p2576090251.jpg', '7.6', '误杀');
INSERT INTO `m_recentry` VALUES ('30269016', 'https://img3.doubanio.com/view/photo/s_ratio_poster/public/p2577327061.jpg', '7.6', '半个喜剧');
INSERT INTO `m_recentry` VALUES ('30317706', 'https://img9.doubanio.com/view/photo/s_ratio_poster/public/p2576871245.jpg', '5.5', '特警队');
INSERT INTO `m_recentry` VALUES ('30318116', 'https://img1.doubanio.com/view/photo/s_ratio_poster/public/p2574172427.jpg', '8.2', '利刃出鞘 Knives Out');
INSERT INTO `m_recentry` VALUES ('30345226', 'https://img9.doubanio.com/view/photo/s_ratio_poster/public/p2574029074.jpg', '7.1', '若能与你共乘海浪之上 きみと、波にのれたら');
INSERT INTO `m_recentry` VALUES ('30454698', 'https://img1.doubanio.com/view/photo/s_ratio_poster/public/p2576622878.jpg', '5.2', '解放·终局营救');
INSERT INTO `m_recentry` VALUES ('33381471', 'https://img3.doubanio.com/view/photo/s_ratio_poster/public/p2577342552.jpg', '暂无评分', '古窑迷踪');
INSERT INTO `m_recentry` VALUES ('33417046', 'https://img3.doubanio.com/view/photo/s_ratio_poster/public/p2577327922.jpg', '6.2', '宠爱');
INSERT INTO `m_recentry` VALUES ('33436135', 'https://img3.doubanio.com/view/photo/s_ratio_poster/public/p2575158172.jpg', '6.5', '只有芸知道');
INSERT INTO `m_recentry` VALUES ('34429008', 'https://img9.doubanio.com/view/photo/s_ratio_poster/public/p2575155986.jpg', '暂无评分', '我为你牺牲');
INSERT INTO `m_recentry` VALUES ('34460763', 'https://img9.doubanio.com/view/photo/s_ratio_poster/public/p2578723424.jpg', '6.1', '亲爱的新年好');
INSERT INTO `m_recentry` VALUES ('34825886', 'https://img9.doubanio.com/view/photo/s_ratio_poster/public/p2576001626.jpg', '暂无评分', '熊出没·狂野大陆');
INSERT INTO `m_recentry` VALUES ('34892715', 'https://img3.doubanio.com/view/photo/s_ratio_poster/public/p2574528192.jpg', '暂无评分', '海林都');

-- ----------------------------
-- Table structure for m_room
-- ----------------------------
DROP TABLE IF EXISTS `m_room`;
CREATE TABLE `m_room`  (
  `id` varchar(20) CHARACTER SET utf8 COLLATE utf8_general_ci NOT NULL,
  `movieId` varchar(20) CHARACTER SET utf8 COLLATE utf8_general_ci NOT NULL,
  `movieName` varchar(30) CHARACTER SET utf8 COLLATE utf8_general_ci NOT NULL,
  `name` varchar(30) CHARACTER SET utf8 COLLATE utf8_general_ci NOT NULL,
  `price` int(10) NULL DEFAULT NULL,
  `seat_size` int(4) NULL DEFAULT NULL,
  `mprice` int(10) NULL DEFAULT NULL,
  PRIMARY KEY (`id`) USING BTREE
) ENGINE = InnoDB CHARACTER SET = utf8 COLLATE = utf8_general_ci ROW_FORMAT = Dynamic;

-- ----------------------------
-- Records of m_room
-- ----------------------------
INSERT INTO `m_room` VALUES ('1100395738818473985', '26752088', '我不是药神', '罗马影厅一', 123, 120, 30);
INSERT INTO `m_room` VALUES ('1100396175193817089', '26752088', '我不是药神', '罗马影厅二', 123, 120, 30);
INSERT INTO `m_room` VALUES ('1100758225648668673', '4920389', '头号玩家', '一号影厅', 35, 150, 30);
INSERT INTO `m_room` VALUES ('1100762296270979074', '26752088', '我不是药神', '罗马影厅三', 35, 60, 30);
INSERT INTO `m_room` VALUES ('1105128149590511617', '27060077', '绿皮书', '一号影厅', 35, 150, 30);
INSERT INTO `m_room` VALUES ('1109783704064765954', '1950330', '罗马', '一号影厅', 35, 150, 30);
INSERT INTO `m_room` VALUES ('1109783723912212481', '1652592', '阿丽塔：战斗天使', '一号影厅', 35, 150, 30);
INSERT INTO `m_room` VALUES ('1109794163232935937', '20438964', '无敌破坏王2：大闹互联网', '一号影厅', 35, 150, 30);
INSERT INTO `m_room` VALUES ('1109798479536701442', '25986662', '疯狂的外星人', '一号影厅', 35, 150, 30);
INSERT INTO `m_room` VALUES ('1212985132536229889', '30198539', '痛苦与荣耀', '一号影厅', 35, 150, 30);
INSERT INTO `m_room` VALUES ('1212986032398987265', '24716039', '星际探索', '一号影厅', 35, 150, 30);

-- ----------------------------
-- Table structure for m_seat
-- ----------------------------
DROP TABLE IF EXISTS `m_seat`;
CREATE TABLE `m_seat`  (
  `id` varchar(255) CHARACTER SET utf8 COLLATE utf8_general_ci NOT NULL,
  `movieId` varchar(255) CHARACTER SET utf8 COLLATE utf8_general_ci NOT NULL,
  `movieName` varchar(255) CHARACTER SET utf8 COLLATE utf8_general_ci NOT NULL,
  `number` varchar(255) CHARACTER SET utf8 COLLATE utf8_general_ci NOT NULL,
  `roomId` varchar(255) CHARACTER SET utf8 COLLATE utf8_general_ci NOT NULL,
  `userId` varchar(255) CHARACTER SET utf8 COLLATE utf8_general_ci NOT NULL,
  `userTelephone` varchar(255) CHARACTER SET utf8 COLLATE utf8_general_ci NOT NULL,
  `state` int(1) NULL DEFAULT NULL,
  `room_name` varchar(255) CHARACTER SET utf8 COLLATE utf8_general_ci NULL DEFAULT NULL,
  `user_name` varchar(255) CHARACTER SET utf8 COLLATE utf8_general_ci NULL DEFAULT NULL,
  `price` int(10) NULL DEFAULT NULL,
  PRIMARY KEY (`id`) USING BTREE
) ENGINE = InnoDB CHARACTER SET = utf8 COLLATE = utf8_general_ci ROW_FORMAT = Dynamic;

-- ----------------------------
-- Records of m_seat
-- ----------------------------
INSERT INTO `m_seat` VALUES ('1109794948834406402', '20438964', '无敌破坏王2：大闹互联网', 's1', '1109794163232935937', '1', '17772450614', 1, '一号影厅', 'user', 30);
INSERT INTO `m_seat` VALUES ('1109812020167585794', '1652592', '阿丽塔：战斗天使', 's0', '1109783723912212481', '1', '17772450614', 0, '一号影厅', 'user', 30);
INSERT INTO `m_seat` VALUES ('1212985141067444225', '30198539', '痛苦与荣耀', 's0', '1212985132536229889', '1', '17772450614', 0, '一号影厅', 'user', 30);
INSERT INTO `m_seat` VALUES ('1212985143437225985', '30198539', '痛苦与荣耀', 's1', '1212985132536229889', '1', '17772450614', 0, '一号影厅', 'user', 30);
INSERT INTO `m_seat` VALUES ('1212986040804372481', '24716039', '星际探索', 's1', '1212986032398987265', '1', '17772450614', 0, '一号影厅', 'user', 30);
INSERT INTO `m_seat` VALUES ('1212986045002870785', '24716039', '星际探索', 's34', '1212986032398987265', '1', '17772450614', 0, '一号影厅', 'user', 30);
INSERT INTO `m_seat` VALUES ('1212986047582367745', '24716039', '星际探索', 's33', '1212986032398987265', '1', '17772450614', 0, '一号影厅', 'user', 30);
INSERT INTO `m_seat` VALUES ('1212986049201369090', '24716039', '星际探索', 's18', '1212986032398987265', '1', '17772450614', 0, '一号影厅', 'user', 30);
INSERT INTO `m_seat` VALUES ('1212986057522868226', '24716039', '星际探索', 's3', '1212986032398987265', '1', '17772450614', 0, '一号影厅', 'user', 30);
INSERT INTO `m_seat` VALUES ('1212986059162841089', '24716039', '星际探索', 's2', '1212986032398987265', '1', '17772450614', 0, '一号影厅', 'user', 30);
INSERT INTO `m_seat` VALUES ('1212986065320079362', '24716039', '星际探索', 's17', '1212986032398987265', '1', '17772450614', 0, '一号影厅', 'user', 30);
INSERT INTO `m_seat` VALUES ('1212986087927377921', '24716039', '星际探索', 's19', '1212986032398987265', '1', '17772450614', 0, '一号影厅', 'user', 30);
INSERT INTO `m_seat` VALUES ('1212986138015756289', '24716039', '星际探索', 's4', '1212986032398987265', '1', '17772450614', 0, '一号影厅', 'user', 30);

-- ----------------------------
-- Table structure for m_user
-- ----------------------------
DROP TABLE IF EXISTS `m_user`;
CREATE TABLE `m_user`  (
  `id` varchar(30) CHARACTER SET utf8 COLLATE utf8_general_ci NOT NULL,
  `dateTime` date NULL DEFAULT NULL,
  `isAdmin` int(1) NULL DEFAULT NULL,
  `password` varchar(60) CHARACTER SET utf8 COLLATE utf8_general_ci NOT NULL,
  `telephone` varchar(100) CHARACTER SET utf8 COLLATE utf8_general_ci NULL DEFAULT NULL,
  `username` varchar(40) CHARACTER SET utf8 COLLATE utf8_general_ci NOT NULL,
  PRIMARY KEY (`id`) USING BTREE
) ENGINE = InnoDB CHARACTER SET = utf8 COLLATE = utf8_general_ci ROW_FORMAT = Dynamic;

-- ----------------------------
-- Records of m_user
-- ----------------------------
INSERT INTO `m_user` VALUES ('0', '2018-12-18', 1, 'admin', '13983060353', 'admin');
INSERT INTO `m_user` VALUES ('1', '2018-12-18', 4, 'user', '17772450614', 'user');
INSERT INTO `m_user` VALUES ('1100029708279521281', '2019-02-25', 0, '123456', '123456456', '123456');

SET FOREIGN_KEY_CHECKS = 1;
